Analysis & Synthesis report for spaceInvaders
Mon Jul 07 20:38:15 2025
Quartus Prime Version 18.1.0 Build 625 09/12/2018 SJ Lite Edition


---------------------
; Table of Contents ;
---------------------
  1. Legal Notice
  2. Analysis & Synthesis Summary
  3. Analysis & Synthesis Settings
  4. Parallel Compilation
  5. Analysis & Synthesis Source Files Read
  6. Analysis & Synthesis Resource Usage Summary
  7. Analysis & Synthesis Resource Utilization by Entity
  8. General Register Statistics
  9. Parameter Settings for User Entity Instance: space_invaders:inst|VGA_drvr:vga_driver_inst
 10. Parameter Settings for User Entity Instance: space_invaders:inst|player:player_inst
 11. Parameter Settings for User Entity Instance: space_invaders:inst|shot:shot_inst
 12. Parameter Settings for User Entity Instance: space_invaders:inst|alien_horde:alien_horde_inst|VGA_drvr:vga_driver_inst
 13. Parameter Settings for User Entity Instance: space_invaders:inst|alien_horde:alien_horde_inst|alien:\ALIEN_GEN:0:alien_inst
 14. Parameter Settings for User Entity Instance: space_invaders:inst|alien_horde:alien_horde_inst|alien:\ALIEN_GEN:1:alien_inst
 15. Parameter Settings for User Entity Instance: space_invaders:inst|alien_horde:alien_horde_inst|alien:\ALIEN_GEN:2:alien_inst
 16. Parameter Settings for User Entity Instance: space_invaders:inst|alien_horde:alien_horde_inst|alien:\ALIEN_GEN:3:alien_inst
 17. Parameter Settings for User Entity Instance: space_invaders:inst|alien_horde:alien_horde_inst|alien:\ALIEN_GEN:4:alien_inst
 18. Parameter Settings for User Entity Instance: space_invaders:inst|alien_horde:alien_horde_inst|alien:\ALIEN_GEN:5:alien_inst
 19. Parameter Settings for User Entity Instance: space_invaders:inst|alien_horde:alien_horde_inst|alien:\ALIEN_GEN:6:alien_inst
 20. Parameter Settings for User Entity Instance: space_invaders:inst|alien_horde:alien_horde_inst|alien:\ALIEN_GEN:7:alien_inst
 21. Parameter Settings for User Entity Instance: space_invaders:inst|alien_horde:alien_horde_inst|alien:\ALIEN_GEN:8:alien_inst
 22. Parameter Settings for User Entity Instance: space_invaders:inst|alien_horde:alien_horde_inst|alien:\ALIEN_GEN:9:alien_inst
 23. Parameter Settings for User Entity Instance: space_invaders:inst|alien_horde:alien_horde_inst|alien:\ALIEN_GEN:10:alien_inst
 24. Parameter Settings for User Entity Instance: space_invaders:inst|alien_horde:alien_horde_inst|alien:\ALIEN_GEN:11:alien_inst
 25. Parameter Settings for User Entity Instance: space_invaders:inst|alien_horde:alien_horde_inst|alien:\ALIEN_GEN:12:alien_inst
 26. Parameter Settings for User Entity Instance: space_invaders:inst|alien_horde:alien_horde_inst|alien:\ALIEN_GEN:13:alien_inst
 27. Parameter Settings for User Entity Instance: space_invaders:inst|alien_horde:alien_horde_inst|alien:\ALIEN_GEN:14:alien_inst
 28. Parameter Settings for User Entity Instance: space_invaders:inst|alien_horde:alien_horde_inst|alien:\ALIEN_GEN:15:alien_inst
 29. Parameter Settings for User Entity Instance: space_invaders:inst|alien_horde:alien_horde_inst|alien:\ALIEN_GEN:16:alien_inst
 30. Parameter Settings for User Entity Instance: space_invaders:inst|alien_horde:alien_horde_inst|alien:\ALIEN_GEN:17:alien_inst
 31. Parameter Settings for User Entity Instance: space_invaders:inst|alien_horde:alien_horde_inst|alien:\ALIEN_GEN:18:alien_inst
 32. Parameter Settings for User Entity Instance: space_invaders:inst|alien_horde:alien_horde_inst|alien:\ALIEN_GEN:19:alien_inst
 33. Parameter Settings for User Entity Instance: space_invaders:inst|alien_horde:alien_horde_inst|alien:\ALIEN_GEN:20:alien_inst
 34. Parameter Settings for User Entity Instance: space_invaders:inst|alien_horde:alien_horde_inst|alien:\ALIEN_GEN:21:alien_inst
 35. Parameter Settings for User Entity Instance: space_invaders:inst|alien_horde:alien_horde_inst|alien:\ALIEN_GEN:22:alien_inst
 36. Parameter Settings for User Entity Instance: space_invaders:inst|alien_horde:alien_horde_inst|alien:\ALIEN_GEN:23:alien_inst
 37. Parameter Settings for User Entity Instance: space_invaders:inst|alien_horde:alien_horde_inst|alien:\ALIEN_GEN:24:alien_inst
 38. Parameter Settings for User Entity Instance: space_invaders:inst|alien_horde:alien_horde_inst|alien:\ALIEN_GEN:25:alien_inst
 39. Parameter Settings for User Entity Instance: space_invaders:inst|alien_horde:alien_horde_inst|alien:\ALIEN_GEN:26:alien_inst
 40. Parameter Settings for User Entity Instance: VGA_drvr:inst1
 41. Port Connectivity Checks: "space_invaders:inst|alien_horde:alien_horde_inst|collision_controller:\ALIEN_GEN:26:collision_controller_inst"
 42. Port Connectivity Checks: "space_invaders:inst|alien_horde:alien_horde_inst|alien_draw:\ALIEN_GEN:26:alien_draw_inst"
 43. Port Connectivity Checks: "space_invaders:inst|alien_horde:alien_horde_inst|collision_controller:\ALIEN_GEN:25:collision_controller_inst"
 44. Port Connectivity Checks: "space_invaders:inst|alien_horde:alien_horde_inst|alien_draw:\ALIEN_GEN:25:alien_draw_inst"
 45. Port Connectivity Checks: "space_invaders:inst|alien_horde:alien_horde_inst|collision_controller:\ALIEN_GEN:24:collision_controller_inst"
 46. Port Connectivity Checks: "space_invaders:inst|alien_horde:alien_horde_inst|alien_draw:\ALIEN_GEN:24:alien_draw_inst"
 47. Port Connectivity Checks: "space_invaders:inst|alien_horde:alien_horde_inst|collision_controller:\ALIEN_GEN:23:collision_controller_inst"
 48. Port Connectivity Checks: "space_invaders:inst|alien_horde:alien_horde_inst|alien_draw:\ALIEN_GEN:23:alien_draw_inst"
 49. Port Connectivity Checks: "space_invaders:inst|alien_horde:alien_horde_inst|collision_controller:\ALIEN_GEN:22:collision_controller_inst"
 50. Port Connectivity Checks: "space_invaders:inst|alien_horde:alien_horde_inst|alien_draw:\ALIEN_GEN:22:alien_draw_inst"
 51. Port Connectivity Checks: "space_invaders:inst|alien_horde:alien_horde_inst|collision_controller:\ALIEN_GEN:21:collision_controller_inst"
 52. Port Connectivity Checks: "space_invaders:inst|alien_horde:alien_horde_inst|alien_draw:\ALIEN_GEN:21:alien_draw_inst"
 53. Port Connectivity Checks: "space_invaders:inst|alien_horde:alien_horde_inst|collision_controller:\ALIEN_GEN:20:collision_controller_inst"
 54. Port Connectivity Checks: "space_invaders:inst|alien_horde:alien_horde_inst|alien_draw:\ALIEN_GEN:20:alien_draw_inst"
 55. Port Connectivity Checks: "space_invaders:inst|alien_horde:alien_horde_inst|collision_controller:\ALIEN_GEN:19:collision_controller_inst"
 56. Port Connectivity Checks: "space_invaders:inst|alien_horde:alien_horde_inst|alien_draw:\ALIEN_GEN:19:alien_draw_inst"
 57. Port Connectivity Checks: "space_invaders:inst|alien_horde:alien_horde_inst|collision_controller:\ALIEN_GEN:18:collision_controller_inst"
 58. Port Connectivity Checks: "space_invaders:inst|alien_horde:alien_horde_inst|alien_draw:\ALIEN_GEN:18:alien_draw_inst"
 59. Port Connectivity Checks: "space_invaders:inst|alien_horde:alien_horde_inst|collision_controller:\ALIEN_GEN:17:collision_controller_inst"
 60. Port Connectivity Checks: "space_invaders:inst|alien_horde:alien_horde_inst|alien_draw:\ALIEN_GEN:17:alien_draw_inst"
 61. Port Connectivity Checks: "space_invaders:inst|alien_horde:alien_horde_inst|collision_controller:\ALIEN_GEN:16:collision_controller_inst"
 62. Port Connectivity Checks: "space_invaders:inst|alien_horde:alien_horde_inst|alien_draw:\ALIEN_GEN:16:alien_draw_inst"
 63. Port Connectivity Checks: "space_invaders:inst|alien_horde:alien_horde_inst|collision_controller:\ALIEN_GEN:15:collision_controller_inst"
 64. Port Connectivity Checks: "space_invaders:inst|alien_horde:alien_horde_inst|alien_draw:\ALIEN_GEN:15:alien_draw_inst"
 65. Port Connectivity Checks: "space_invaders:inst|alien_horde:alien_horde_inst|collision_controller:\ALIEN_GEN:14:collision_controller_inst"
 66. Port Connectivity Checks: "space_invaders:inst|alien_horde:alien_horde_inst|alien_draw:\ALIEN_GEN:14:alien_draw_inst"
 67. Port Connectivity Checks: "space_invaders:inst|alien_horde:alien_horde_inst|collision_controller:\ALIEN_GEN:13:collision_controller_inst"
 68. Port Connectivity Checks: "space_invaders:inst|alien_horde:alien_horde_inst|alien_draw:\ALIEN_GEN:13:alien_draw_inst"
 69. Port Connectivity Checks: "space_invaders:inst|alien_horde:alien_horde_inst|collision_controller:\ALIEN_GEN:12:collision_controller_inst"
 70. Port Connectivity Checks: "space_invaders:inst|alien_horde:alien_horde_inst|alien_draw:\ALIEN_GEN:12:alien_draw_inst"
 71. Port Connectivity Checks: "space_invaders:inst|alien_horde:alien_horde_inst|collision_controller:\ALIEN_GEN:11:collision_controller_inst"
 72. Port Connectivity Checks: "space_invaders:inst|alien_horde:alien_horde_inst|alien_draw:\ALIEN_GEN:11:alien_draw_inst"
 73. Port Connectivity Checks: "space_invaders:inst|alien_horde:alien_horde_inst|collision_controller:\ALIEN_GEN:10:collision_controller_inst"
 74. Port Connectivity Checks: "space_invaders:inst|alien_horde:alien_horde_inst|alien_draw:\ALIEN_GEN:10:alien_draw_inst"
 75. Port Connectivity Checks: "space_invaders:inst|alien_horde:alien_horde_inst|collision_controller:\ALIEN_GEN:9:collision_controller_inst"
 76. Port Connectivity Checks: "space_invaders:inst|alien_horde:alien_horde_inst|alien_draw:\ALIEN_GEN:9:alien_draw_inst"
 77. Port Connectivity Checks: "space_invaders:inst|alien_horde:alien_horde_inst|collision_controller:\ALIEN_GEN:8:collision_controller_inst"
 78. Port Connectivity Checks: "space_invaders:inst|alien_horde:alien_horde_inst|alien_draw:\ALIEN_GEN:8:alien_draw_inst"
 79. Port Connectivity Checks: "space_invaders:inst|alien_horde:alien_horde_inst|collision_controller:\ALIEN_GEN:7:collision_controller_inst"
 80. Port Connectivity Checks: "space_invaders:inst|alien_horde:alien_horde_inst|alien_draw:\ALIEN_GEN:7:alien_draw_inst"
 81. Port Connectivity Checks: "space_invaders:inst|alien_horde:alien_horde_inst|collision_controller:\ALIEN_GEN:6:collision_controller_inst"
 82. Port Connectivity Checks: "space_invaders:inst|alien_horde:alien_horde_inst|alien_draw:\ALIEN_GEN:6:alien_draw_inst"
 83. Port Connectivity Checks: "space_invaders:inst|alien_horde:alien_horde_inst|collision_controller:\ALIEN_GEN:5:collision_controller_inst"
 84. Port Connectivity Checks: "space_invaders:inst|alien_horde:alien_horde_inst|alien_draw:\ALIEN_GEN:5:alien_draw_inst"
 85. Port Connectivity Checks: "space_invaders:inst|alien_horde:alien_horde_inst|collision_controller:\ALIEN_GEN:4:collision_controller_inst"
 86. Port Connectivity Checks: "space_invaders:inst|alien_horde:alien_horde_inst|alien_draw:\ALIEN_GEN:4:alien_draw_inst"
 87. Port Connectivity Checks: "space_invaders:inst|alien_horde:alien_horde_inst|collision_controller:\ALIEN_GEN:3:collision_controller_inst"
 88. Port Connectivity Checks: "space_invaders:inst|alien_horde:alien_horde_inst|alien_draw:\ALIEN_GEN:3:alien_draw_inst"
 89. Port Connectivity Checks: "space_invaders:inst|alien_horde:alien_horde_inst|collision_controller:\ALIEN_GEN:2:collision_controller_inst"
 90. Port Connectivity Checks: "space_invaders:inst|alien_horde:alien_horde_inst|alien_draw:\ALIEN_GEN:2:alien_draw_inst"
 91. Port Connectivity Checks: "space_invaders:inst|alien_horde:alien_horde_inst|collision_controller:\ALIEN_GEN:1:collision_controller_inst"
 92. Port Connectivity Checks: "space_invaders:inst|alien_horde:alien_horde_inst|alien_draw:\ALIEN_GEN:1:alien_draw_inst"
 93. Port Connectivity Checks: "space_invaders:inst|alien_horde:alien_horde_inst|collision_controller:\ALIEN_GEN:0:collision_controller_inst"
 94. Port Connectivity Checks: "space_invaders:inst|alien_horde:alien_horde_inst|alien_draw:\ALIEN_GEN:0:alien_draw_inst"
 95. Port Connectivity Checks: "space_invaders:inst|alien_horde:alien_horde_inst|VGA_drvr:vga_driver_inst"
 96. Port Connectivity Checks: "space_invaders:inst|alien_horde:alien_horde_inst"
 97. Port Connectivity Checks: "space_invaders:inst|shot:shot_inst"
 98. Port Connectivity Checks: "space_invaders:inst|player:player_inst"
 99. Port Connectivity Checks: "space_invaders:inst|VGA_drvr:vga_driver_inst"
100. Post-Synthesis Netlist Statistics for Top Partition
101. Elapsed Time Per Partition
102. Analysis & Synthesis Messages



----------------
; Legal Notice ;
----------------
Copyright (C) 2018  Intel Corporation. All rights reserved.
Your use of Intel Corporation's design tools, logic functions 
and other software and tools, and its AMPP partner logic 
functions, and any output files from any of the foregoing 
(including device programming or simulation files), and any 
associated documentation or information are expressly subject 
to the terms and conditions of the Intel Program License 
Subscription Agreement, the Intel Quartus Prime License Agreement,
the Intel FPGA IP License Agreement, or other applicable license
agreement, including, without limitation, that your use is for
the sole purpose of programming logic devices manufactured by
Intel and sold by Intel or its authorized distributors.  Please
refer to the applicable agreement for further details.



+----------------------------------------------------------------------------------+
; Analysis & Synthesis Summary                                                     ;
+------------------------------------+---------------------------------------------+
; Analysis & Synthesis Status        ; Successful - Mon Jul 07 20:38:15 2025       ;
; Quartus Prime Version              ; 18.1.0 Build 625 09/12/2018 SJ Lite Edition ;
; Revision Name                      ; spaceInvaders                               ;
; Top-level Entity Name              ; spaceInvaders                               ;
; Family                             ; MAX 10                                      ;
; Total logic elements               ; 0                                           ;
;     Total combinational functions  ; 0                                           ;
;     Dedicated logic registers      ; 0                                           ;
; Total registers                    ; 0                                           ;
; Total pins                         ; 4                                           ;
; Total virtual pins                 ; 0                                           ;
; Total memory bits                  ; 0                                           ;
; Embedded Multiplier 9-bit elements ; 0                                           ;
; Total PLLs                         ; 0                                           ;
; UFM blocks                         ; 0                                           ;
; ADC blocks                         ; 0                                           ;
+------------------------------------+---------------------------------------------+


+------------------------------------------------------------------------------------------------------------+
; Analysis & Synthesis Settings                                                                              ;
+------------------------------------------------------------------+--------------------+--------------------+
; Option                                                           ; Setting            ; Default Value      ;
+------------------------------------------------------------------+--------------------+--------------------+
; Device                                                           ; 10M50DAF484C7G     ;                    ;
; Top-level entity name                                            ; spaceInvaders      ; spaceInvaders      ;
; Family name                                                      ; MAX 10             ; Cyclone V          ;
; VHDL Show LMF Mapping Messages                                   ; Off                ;                    ;
; VHDL Version                                                     ; VHDL_2008          ; VHDL_1993          ;
; Use smart compilation                                            ; Off                ; Off                ;
; Enable parallel Assembler and Timing Analyzer during compilation ; On                 ; On                 ;
; Enable compact report table                                      ; Off                ; Off                ;
; Restructure Multiplexers                                         ; Auto               ; Auto               ;
; Create Debugging Nodes for IP Cores                              ; Off                ; Off                ;
; Preserve fewer node names                                        ; On                 ; On                 ;
; Intel FPGA IP Evaluation Mode                                    ; Enable             ; Enable             ;
; Verilog Version                                                  ; Verilog_2001       ; Verilog_2001       ;
; State Machine Processing                                         ; Auto               ; Auto               ;
; Safe State Machine                                               ; Off                ; Off                ;
; Extract Verilog State Machines                                   ; On                 ; On                 ;
; Extract VHDL State Machines                                      ; On                 ; On                 ;
; Ignore Verilog initial constructs                                ; Off                ; Off                ;
; Iteration limit for constant Verilog loops                       ; 5000               ; 5000               ;
; Iteration limit for non-constant Verilog loops                   ; 250                ; 250                ;
; Add Pass-Through Logic to Inferred RAMs                          ; On                 ; On                 ;
; Infer RAMs from Raw Logic                                        ; On                 ; On                 ;
; Parallel Synthesis                                               ; On                 ; On                 ;
; DSP Block Balancing                                              ; Auto               ; Auto               ;
; NOT Gate Push-Back                                               ; On                 ; On                 ;
; Power-Up Don't Care                                              ; On                 ; On                 ;
; Remove Redundant Logic Cells                                     ; Off                ; Off                ;
; Remove Duplicate Registers                                       ; On                 ; On                 ;
; Ignore CARRY Buffers                                             ; Off                ; Off                ;
; Ignore CASCADE Buffers                                           ; Off                ; Off                ;
; Ignore GLOBAL Buffers                                            ; Off                ; Off                ;
; Ignore ROW GLOBAL Buffers                                        ; Off                ; Off                ;
; Ignore LCELL Buffers                                             ; Off                ; Off                ;
; Ignore SOFT Buffers                                              ; On                 ; On                 ;
; Limit AHDL Integers to 32 Bits                                   ; Off                ; Off                ;
; Optimization Technique                                           ; Balanced           ; Balanced           ;
; Carry Chain Length                                               ; 70                 ; 70                 ;
; Auto Carry Chains                                                ; On                 ; On                 ;
; Auto Open-Drain Pins                                             ; On                 ; On                 ;
; Perform WYSIWYG Primitive Resynthesis                            ; Off                ; Off                ;
; Auto ROM Replacement                                             ; On                 ; On                 ;
; Auto RAM Replacement                                             ; On                 ; On                 ;
; Auto DSP Block Replacement                                       ; On                 ; On                 ;
; Auto Shift Register Replacement                                  ; Auto               ; Auto               ;
; Allow Shift Register Merging across Hierarchies                  ; Auto               ; Auto               ;
; Auto Clock Enable Replacement                                    ; On                 ; On                 ;
; Strict RAM Replacement                                           ; Off                ; Off                ;
; Allow Synchronous Control Signals                                ; On                 ; On                 ;
; Force Use of Synchronous Clear Signals                           ; Off                ; Off                ;
; Auto RAM Block Balancing                                         ; On                 ; On                 ;
; Auto RAM to Logic Cell Conversion                                ; Off                ; Off                ;
; Auto Resource Sharing                                            ; Off                ; Off                ;
; Allow Any RAM Size For Recognition                               ; Off                ; Off                ;
; Allow Any ROM Size For Recognition                               ; Off                ; Off                ;
; Allow Any Shift Register Size For Recognition                    ; Off                ; Off                ;
; Use LogicLock Constraints during Resource Balancing              ; On                 ; On                 ;
; Ignore translate_off and synthesis_off directives                ; Off                ; Off                ;
; Timing-Driven Synthesis                                          ; On                 ; On                 ;
; Report Parameter Settings                                        ; On                 ; On                 ;
; Report Source Assignments                                        ; On                 ; On                 ;
; Report Connectivity Checks                                       ; On                 ; On                 ;
; Ignore Maximum Fan-Out Assignments                               ; Off                ; Off                ;
; Synchronization Register Chain Length                            ; 2                  ; 2                  ;
; Power Optimization During Synthesis                              ; Normal compilation ; Normal compilation ;
; HDL message level                                                ; Level2             ; Level2             ;
; Suppress Register Optimization Related Messages                  ; Off                ; Off                ;
; Number of Removed Registers Reported in Synthesis Report         ; 5000               ; 5000               ;
; Number of Swept Nodes Reported in Synthesis Report               ; 5000               ; 5000               ;
; Number of Inverted Registers Reported in Synthesis Report        ; 100                ; 100                ;
; Clock MUX Protection                                             ; On                 ; On                 ;
; Auto Gated Clock Conversion                                      ; Off                ; Off                ;
; Block Design Naming                                              ; Auto               ; Auto               ;
; SDC constraint protection                                        ; Off                ; Off                ;
; Synthesis Effort                                                 ; Auto               ; Auto               ;
; Shift Register Replacement - Allow Asynchronous Clear Signal     ; On                 ; On                 ;
; Pre-Mapping Resynthesis Optimization                             ; Off                ; Off                ;
; Analysis & Synthesis Message Level                               ; Medium             ; Medium             ;
; Disable Register Merging Across Hierarchies                      ; Auto               ; Auto               ;
; Resource Aware Inference For Block RAM                           ; On                 ; On                 ;
+------------------------------------------------------------------+--------------------+--------------------+


+------------------------------------------+
; Parallel Compilation                     ;
+----------------------------+-------------+
; Processors                 ; Number      ;
+----------------------------+-------------+
; Number detected on machine ; 8           ;
; Maximum allowed            ; 8           ;
;                            ;             ;
; Average used               ; 1.00        ;
; Maximum used               ; 1           ;
;                            ;             ;
; Usage by Processor         ; % Time Used ;
;     Processor 1            ; 100.0%      ;
+----------------------------+-------------+


+----------------------------------------------------------------------------------------------------------------------------------------------------------------------------------------------+
; Analysis & Synthesis Source Files Read                                                                                                                                                       ;
+-----------------------------------+-----------------+------------------------------------+-----------------------------------------------------------------------------------------+---------+
; File Name with User-Entered Path  ; Used in Netlist ; File Type                          ; File Name with Absolute Path                                                            ; Library ;
+-----------------------------------+-----------------+------------------------------------+-----------------------------------------------------------------------------------------+---------+
; Entities/collision_controller.vhd ; yes             ; User VHDL File                     ; D:/UTFPR/eng_comp/logica_reconfiguravel/spaceInvaders/Entities/collision_controller.vhd ;         ;
; Entities/player.vhd               ; yes             ; User VHDL File                     ; D:/UTFPR/eng_comp/logica_reconfiguravel/spaceInvaders/Entities/player.vhd               ;         ;
; Entities/VGA_drvr.vhd             ; yes             ; User VHDL File                     ; D:/UTFPR/eng_comp/logica_reconfiguravel/spaceInvaders/Entities/VGA_drvr.vhd             ;         ;
; Entities/alien.vhd                ; yes             ; User VHDL File                     ; D:/UTFPR/eng_comp/logica_reconfiguravel/spaceInvaders/Entities/alien.vhd                ;         ;
; Packages/resolution_pkg.vhd       ; yes             ; User VHDL File                     ; D:/UTFPR/eng_comp/logica_reconfiguravel/spaceInvaders/Packages/resolution_pkg.vhd       ;         ;
; Packages/alien_pkg.vhd            ; yes             ; User VHDL File                     ; D:/UTFPR/eng_comp/logica_reconfiguravel/spaceInvaders/Packages/alien_pkg.vhd            ;         ;
; Entities/alien_controller.vhd     ; yes             ; User VHDL File                     ; D:/UTFPR/eng_comp/logica_reconfiguravel/spaceInvaders/Entities/alien_controller.vhd     ;         ;
; Entities/alien_horde.vhd          ; yes             ; User VHDL File                     ; D:/UTFPR/eng_comp/logica_reconfiguravel/spaceInvaders/Entities/alien_horde.vhd          ;         ;
; Entities/alien_draw.vhd           ; yes             ; User VHDL File                     ; D:/UTFPR/eng_comp/logica_reconfiguravel/spaceInvaders/Entities/alien_draw.vhd           ;         ;
; Entities/space_invaders.vhd       ; yes             ; User VHDL File                     ; D:/UTFPR/eng_comp/logica_reconfiguravel/spaceInvaders/Entities/space_invaders.vhd       ;         ;
; Entities/shot.vhd                 ; yes             ; User VHDL File                     ; D:/UTFPR/eng_comp/logica_reconfiguravel/spaceInvaders/Entities/shot.vhd                 ;         ;
; Entities/screen_text.vhd          ; yes             ; User VHDL File                     ; D:/UTFPR/eng_comp/logica_reconfiguravel/spaceInvaders/Entities/screen_text.vhd          ;         ;
; spaceInvaders.bdf                 ; yes             ; User Block Diagram/Schematic File  ; D:/UTFPR/eng_comp/logica_reconfiguravel/spaceInvaders/spaceInvaders.bdf                 ;         ;
+-----------------------------------+-----------------+------------------------------------+-----------------------------------------------------------------------------------------+---------+


+-------------------------------------------------------------+
; Analysis & Synthesis Resource Usage Summary                 ;
+---------------------------------------------+---------------+
; Resource                                    ; Usage         ;
+---------------------------------------------+---------------+
;                                             ;               ;
; Total combinational functions               ; 0             ;
; Logic element usage by number of LUT inputs ;               ;
;     -- 4 input functions                    ; 0             ;
;     -- 3 input functions                    ; 0             ;
;     -- <=2 input functions                  ; 0             ;
;                                             ;               ;
; Logic elements by mode                      ;               ;
;     -- normal mode                          ; 0             ;
;     -- arithmetic mode                      ; 0             ;
;                                             ;               ;
; Total registers                             ; 0             ;
;     -- Dedicated logic registers            ; 0             ;
;     -- I/O registers                        ; 0             ;
;                                             ;               ;
; I/O pins                                    ; 4             ;
;                                             ;               ;
; Embedded Multiplier 9-bit elements          ; 0             ;
;                                             ;               ;
; Maximum fan-out node                        ; MAX10_CLK2_50 ;
; Maximum fan-out                             ; 1             ;
; Total fan-out                               ; 4             ;
; Average fan-out                             ; 0.50          ;
+---------------------------------------------+---------------+


+--------------------------------------------------------------------------------------------------------------------------------------------------------------------------------------------------------------------------------------+
; Analysis & Synthesis Resource Utilization by Entity                                                                                                                                                                                  ;
+----------------------------+---------------------+---------------------------+-------------+------------+--------------+---------+-----------+------+--------------+------------+---------------------+---------------+--------------+
; Compilation Hierarchy Node ; Combinational ALUTs ; Dedicated Logic Registers ; Memory Bits ; UFM Blocks ; DSP Elements ; DSP 9x9 ; DSP 18x18 ; Pins ; Virtual Pins ; ADC blocks ; Full Hierarchy Name ; Entity Name   ; Library Name ;
+----------------------------+---------------------+---------------------------+-------------+------------+--------------+---------+-----------+------+--------------+------------+---------------------+---------------+--------------+
; |spaceInvaders             ; 0 (0)               ; 0 (0)                     ; 0           ; 0          ; 0            ; 0       ; 0         ; 4    ; 0            ; 0          ; |spaceInvaders      ; spaceInvaders ; work         ;
+----------------------------+---------------------+---------------------------+-------------+------------+--------------+---------+-----------+------+--------------+------------+---------------------+---------------+--------------+
Note: For table entries with two numbers listed, the numbers in parentheses indicate the number of resources of the given type used by the specific entity alone. The numbers listed outside of parentheses indicate the total resources of the given type used by the specific entity and all of its sub-entities in the hierarchy.


+------------------------------------------------------+
; General Register Statistics                          ;
+----------------------------------------------+-------+
; Statistic                                    ; Value ;
+----------------------------------------------+-------+
; Total registers                              ; 0     ;
; Number of registers using Synchronous Clear  ; 0     ;
; Number of registers using Synchronous Load   ; 0     ;
; Number of registers using Asynchronous Clear ; 0     ;
; Number of registers using Asynchronous Load  ; 0     ;
; Number of registers using Clock Enable       ; 0     ;
; Number of registers using Preset             ; 0     ;
+----------------------------------------------+-------+


+-------------------------------------------------------------------------------------------+
; Parameter Settings for User Entity Instance: space_invaders:inst|VGA_drvr:vga_driver_inst ;
+-----------------+-------+-----------------------------------------------------------------+
; Parameter Name  ; Value ; Type                                                            ;
+-----------------+-------+-----------------------------------------------------------------+
; H_back_porch    ; 48    ; Signed Integer                                                  ;
; H_display       ; 640   ; Signed Integer                                                  ;
; H_front_porch   ; 16    ; Signed Integer                                                  ;
; H_retrace       ; 96    ; Signed Integer                                                  ;
; V_back_porch    ; 33    ; Signed Integer                                                  ;
; V_display       ; 480   ; Signed Integer                                                  ;
; V_front_porch   ; 10    ; Signed Integer                                                  ;
; V_retrace       ; 2     ; Signed Integer                                                  ;
; Color_bits      ; 4     ; Signed Integer                                                  ;
; H_sync_polarity ; '0'   ; Enumerated                                                      ;
; V_sync_polarity ; '0'   ; Enumerated                                                      ;
; H_counter_size  ; 10    ; Signed Integer                                                  ;
; V_counter_size  ; 10    ; Signed Integer                                                  ;
+-----------------+-------+-----------------------------------------------------------------+
Note: In order to hide this table in the UI and the text report file, please set the "Show Parameter Settings in Synthesis Report" option in "Analysis and Synthesis Settings -> More Settings" to "Off".


+-------------------------------------------------------------------------------------+
; Parameter Settings for User Entity Instance: space_invaders:inst|player:player_inst ;
+----------------+-------+------------------------------------------------------------+
; Parameter Name ; Value ; Type                                                       ;
+----------------+-------+------------------------------------------------------------+
; screen_w       ; 640   ; Signed Integer                                             ;
; SCREEN_H       ; 480   ; Signed Integer                                             ;
; p_width        ; 16    ; Signed Integer                                             ;
; P_HEIGHT       ; 8     ; Signed Integer                                             ;
; P_SPEED        ; 2     ; Signed Integer                                             ;
+----------------+-------+------------------------------------------------------------+
Note: In order to hide this table in the UI and the text report file, please set the "Show Parameter Settings in Synthesis Report" option in "Analysis and Synthesis Settings -> More Settings" to "Off".


+---------------------------------------------------------------------------------+
; Parameter Settings for User Entity Instance: space_invaders:inst|shot:shot_inst ;
+------------------+----------+---------------------------------------------------+
; Parameter Name   ; Value    ; Type                                              ;
+------------------+----------+---------------------------------------------------+
; FIRE_RATE_CYCLES ; 25000000 ; Signed Integer                                    ;
+------------------+----------+---------------------------------------------------+
Note: In order to hide this table in the UI and the text report file, please set the "Show Parameter Settings in Synthesis Report" option in "Analysis and Synthesis Settings -> More Settings" to "Off".


+------------------------------------------------------------------------------------------------------------------------+
; Parameter Settings for User Entity Instance: space_invaders:inst|alien_horde:alien_horde_inst|VGA_drvr:vga_driver_inst ;
+-----------------+-------+----------------------------------------------------------------------------------------------+
; Parameter Name  ; Value ; Type                                                                                         ;
+-----------------+-------+----------------------------------------------------------------------------------------------+
; H_back_porch    ; 48    ; Signed Integer                                                                               ;
; H_display       ; 640   ; Signed Integer                                                                               ;
; H_front_porch   ; 16    ; Signed Integer                                                                               ;
; H_retrace       ; 96    ; Signed Integer                                                                               ;
; V_back_porch    ; 33    ; Signed Integer                                                                               ;
; V_display       ; 480   ; Signed Integer                                                                               ;
; V_front_porch   ; 10    ; Signed Integer                                                                               ;
; V_retrace       ; 2     ; Signed Integer                                                                               ;
; Color_bits      ; 4     ; Signed Integer                                                                               ;
; H_sync_polarity ; '0'   ; Enumerated                                                                                   ;
; V_sync_polarity ; '0'   ; Enumerated                                                                                   ;
; H_counter_size  ; 10    ; Signed Integer                                                                               ;
; V_counter_size  ; 10    ; Signed Integer                                                                               ;
+-----------------+-------+----------------------------------------------------------------------------------------------+
Note: In order to hide this table in the UI and the text report file, please set the "Show Parameter Settings in Synthesis Report" option in "Analysis and Synthesis Settings -> More Settings" to "Off".


+-----------------------------------------------------------------------------------------------------------------------------+
; Parameter Settings for User Entity Instance: space_invaders:inst|alien_horde:alien_horde_inst|alien:\ALIEN_GEN:0:alien_inst ;
+----------------+-------+----------------------------------------------------------------------------------------------------+
; Parameter Name ; Value ; Type                                                                                               ;
+----------------+-------+----------------------------------------------------------------------------------------------------+
; init_pos_x     ; 170   ; Signed Integer                                                                                     ;
; init_pos_y     ; 50    ; Signed Integer                                                                                     ;
+----------------+-------+----------------------------------------------------------------------------------------------------+
Note: In order to hide this table in the UI and the text report file, please set the "Show Parameter Settings in Synthesis Report" option in "Analysis and Synthesis Settings -> More Settings" to "Off".


+-----------------------------------------------------------------------------------------------------------------------------+
; Parameter Settings for User Entity Instance: space_invaders:inst|alien_horde:alien_horde_inst|alien:\ALIEN_GEN:1:alien_inst ;
+----------------+-------+----------------------------------------------------------------------------------------------------+
; Parameter Name ; Value ; Type                                                                                               ;
+----------------+-------+----------------------------------------------------------------------------------------------------+
; init_pos_x     ; 205   ; Signed Integer                                                                                     ;
; init_pos_y     ; 50    ; Signed Integer                                                                                     ;
+----------------+-------+----------------------------------------------------------------------------------------------------+
Note: In order to hide this table in the UI and the text report file, please set the "Show Parameter Settings in Synthesis Report" option in "Analysis and Synthesis Settings -> More Settings" to "Off".


+-----------------------------------------------------------------------------------------------------------------------------+
; Parameter Settings for User Entity Instance: space_invaders:inst|alien_horde:alien_horde_inst|alien:\ALIEN_GEN:2:alien_inst ;
+----------------+-------+----------------------------------------------------------------------------------------------------+
; Parameter Name ; Value ; Type                                                                                               ;
+----------------+-------+----------------------------------------------------------------------------------------------------+
; init_pos_x     ; 240   ; Signed Integer                                                                                     ;
; init_pos_y     ; 50    ; Signed Integer                                                                                     ;
+----------------+-------+----------------------------------------------------------------------------------------------------+
Note: In order to hide this table in the UI and the text report file, please set the "Show Parameter Settings in Synthesis Report" option in "Analysis and Synthesis Settings -> More Settings" to "Off".


+-----------------------------------------------------------------------------------------------------------------------------+
; Parameter Settings for User Entity Instance: space_invaders:inst|alien_horde:alien_horde_inst|alien:\ALIEN_GEN:3:alien_inst ;
+----------------+-------+----------------------------------------------------------------------------------------------------+
; Parameter Name ; Value ; Type                                                                                               ;
+----------------+-------+----------------------------------------------------------------------------------------------------+
; init_pos_x     ; 275   ; Signed Integer                                                                                     ;
; init_pos_y     ; 50    ; Signed Integer                                                                                     ;
+----------------+-------+----------------------------------------------------------------------------------------------------+
Note: In order to hide this table in the UI and the text report file, please set the "Show Parameter Settings in Synthesis Report" option in "Analysis and Synthesis Settings -> More Settings" to "Off".


+-----------------------------------------------------------------------------------------------------------------------------+
; Parameter Settings for User Entity Instance: space_invaders:inst|alien_horde:alien_horde_inst|alien:\ALIEN_GEN:4:alien_inst ;
+----------------+-------+----------------------------------------------------------------------------------------------------+
; Parameter Name ; Value ; Type                                                                                               ;
+----------------+-------+----------------------------------------------------------------------------------------------------+
; init_pos_x     ; 310   ; Signed Integer                                                                                     ;
; init_pos_y     ; 50    ; Signed Integer                                                                                     ;
+----------------+-------+----------------------------------------------------------------------------------------------------+
Note: In order to hide this table in the UI and the text report file, please set the "Show Parameter Settings in Synthesis Report" option in "Analysis and Synthesis Settings -> More Settings" to "Off".


+-----------------------------------------------------------------------------------------------------------------------------+
; Parameter Settings for User Entity Instance: space_invaders:inst|alien_horde:alien_horde_inst|alien:\ALIEN_GEN:5:alien_inst ;
+----------------+-------+----------------------------------------------------------------------------------------------------+
; Parameter Name ; Value ; Type                                                                                               ;
+----------------+-------+----------------------------------------------------------------------------------------------------+
; init_pos_x     ; 345   ; Signed Integer                                                                                     ;
; init_pos_y     ; 50    ; Signed Integer                                                                                     ;
+----------------+-------+----------------------------------------------------------------------------------------------------+
Note: In order to hide this table in the UI and the text report file, please set the "Show Parameter Settings in Synthesis Report" option in "Analysis and Synthesis Settings -> More Settings" to "Off".


+-----------------------------------------------------------------------------------------------------------------------------+
; Parameter Settings for User Entity Instance: space_invaders:inst|alien_horde:alien_horde_inst|alien:\ALIEN_GEN:6:alien_inst ;
+----------------+-------+----------------------------------------------------------------------------------------------------+
; Parameter Name ; Value ; Type                                                                                               ;
+----------------+-------+----------------------------------------------------------------------------------------------------+
; init_pos_x     ; 380   ; Signed Integer                                                                                     ;
; init_pos_y     ; 50    ; Signed Integer                                                                                     ;
+----------------+-------+----------------------------------------------------------------------------------------------------+
Note: In order to hide this table in the UI and the text report file, please set the "Show Parameter Settings in Synthesis Report" option in "Analysis and Synthesis Settings -> More Settings" to "Off".


+-----------------------------------------------------------------------------------------------------------------------------+
; Parameter Settings for User Entity Instance: space_invaders:inst|alien_horde:alien_horde_inst|alien:\ALIEN_GEN:7:alien_inst ;
+----------------+-------+----------------------------------------------------------------------------------------------------+
; Parameter Name ; Value ; Type                                                                                               ;
+----------------+-------+----------------------------------------------------------------------------------------------------+
; init_pos_x     ; 415   ; Signed Integer                                                                                     ;
; init_pos_y     ; 50    ; Signed Integer                                                                                     ;
+----------------+-------+----------------------------------------------------------------------------------------------------+
Note: In order to hide this table in the UI and the text report file, please set the "Show Parameter Settings in Synthesis Report" option in "Analysis and Synthesis Settings -> More Settings" to "Off".


+-----------------------------------------------------------------------------------------------------------------------------+
; Parameter Settings for User Entity Instance: space_invaders:inst|alien_horde:alien_horde_inst|alien:\ALIEN_GEN:8:alien_inst ;
+----------------+-------+----------------------------------------------------------------------------------------------------+
; Parameter Name ; Value ; Type                                                                                               ;
+----------------+-------+----------------------------------------------------------------------------------------------------+
; init_pos_x     ; 450   ; Signed Integer                                                                                     ;
; init_pos_y     ; 50    ; Signed Integer                                                                                     ;
+----------------+-------+----------------------------------------------------------------------------------------------------+
Note: In order to hide this table in the UI and the text report file, please set the "Show Parameter Settings in Synthesis Report" option in "Analysis and Synthesis Settings -> More Settings" to "Off".


+-----------------------------------------------------------------------------------------------------------------------------+
; Parameter Settings for User Entity Instance: space_invaders:inst|alien_horde:alien_horde_inst|alien:\ALIEN_GEN:9:alien_inst ;
+----------------+-------+----------------------------------------------------------------------------------------------------+
; Parameter Name ; Value ; Type                                                                                               ;
+----------------+-------+----------------------------------------------------------------------------------------------------+
; init_pos_x     ; 170   ; Signed Integer                                                                                     ;
; init_pos_y     ; 80    ; Signed Integer                                                                                     ;
+----------------+-------+----------------------------------------------------------------------------------------------------+
Note: In order to hide this table in the UI and the text report file, please set the "Show Parameter Settings in Synthesis Report" option in "Analysis and Synthesis Settings -> More Settings" to "Off".


+------------------------------------------------------------------------------------------------------------------------------+
; Parameter Settings for User Entity Instance: space_invaders:inst|alien_horde:alien_horde_inst|alien:\ALIEN_GEN:10:alien_inst ;
+----------------+-------+-----------------------------------------------------------------------------------------------------+
; Parameter Name ; Value ; Type                                                                                                ;
+----------------+-------+-----------------------------------------------------------------------------------------------------+
; init_pos_x     ; 205   ; Signed Integer                                                                                      ;
; init_pos_y     ; 80    ; Signed Integer                                                                                      ;
+----------------+-------+-----------------------------------------------------------------------------------------------------+
Note: In order to hide this table in the UI and the text report file, please set the "Show Parameter Settings in Synthesis Report" option in "Analysis and Synthesis Settings -> More Settings" to "Off".


+------------------------------------------------------------------------------------------------------------------------------+
; Parameter Settings for User Entity Instance: space_invaders:inst|alien_horde:alien_horde_inst|alien:\ALIEN_GEN:11:alien_inst ;
+----------------+-------+-----------------------------------------------------------------------------------------------------+
; Parameter Name ; Value ; Type                                                                                                ;
+----------------+-------+-----------------------------------------------------------------------------------------------------+
; init_pos_x     ; 240   ; Signed Integer                                                                                      ;
; init_pos_y     ; 80    ; Signed Integer                                                                                      ;
+----------------+-------+-----------------------------------------------------------------------------------------------------+
Note: In order to hide this table in the UI and the text report file, please set the "Show Parameter Settings in Synthesis Report" option in "Analysis and Synthesis Settings -> More Settings" to "Off".


+------------------------------------------------------------------------------------------------------------------------------+
; Parameter Settings for User Entity Instance: space_invaders:inst|alien_horde:alien_horde_inst|alien:\ALIEN_GEN:12:alien_inst ;
+----------------+-------+-----------------------------------------------------------------------------------------------------+
; Parameter Name ; Value ; Type                                                                                                ;
+----------------+-------+-----------------------------------------------------------------------------------------------------+
; init_pos_x     ; 275   ; Signed Integer                                                                                      ;
; init_pos_y     ; 80    ; Signed Integer                                                                                      ;
+----------------+-------+-----------------------------------------------------------------------------------------------------+
Note: In order to hide this table in the UI and the text report file, please set the "Show Parameter Settings in Synthesis Report" option in "Analysis and Synthesis Settings -> More Settings" to "Off".


+------------------------------------------------------------------------------------------------------------------------------+
; Parameter Settings for User Entity Instance: space_invaders:inst|alien_horde:alien_horde_inst|alien:\ALIEN_GEN:13:alien_inst ;
+----------------+-------+-----------------------------------------------------------------------------------------------------+
; Parameter Name ; Value ; Type                                                                                                ;
+----------------+-------+-----------------------------------------------------------------------------------------------------+
; init_pos_x     ; 310   ; Signed Integer                                                                                      ;
; init_pos_y     ; 80    ; Signed Integer                                                                                      ;
+----------------+-------+-----------------------------------------------------------------------------------------------------+
Note: In order to hide this table in the UI and the text report file, please set the "Show Parameter Settings in Synthesis Report" option in "Analysis and Synthesis Settings -> More Settings" to "Off".


+------------------------------------------------------------------------------------------------------------------------------+
; Parameter Settings for User Entity Instance: space_invaders:inst|alien_horde:alien_horde_inst|alien:\ALIEN_GEN:14:alien_inst ;
+----------------+-------+-----------------------------------------------------------------------------------------------------+
; Parameter Name ; Value ; Type                                                                                                ;
+----------------+-------+-----------------------------------------------------------------------------------------------------+
; init_pos_x     ; 345   ; Signed Integer                                                                                      ;
; init_pos_y     ; 80    ; Signed Integer                                                                                      ;
+----------------+-------+-----------------------------------------------------------------------------------------------------+
Note: In order to hide this table in the UI and the text report file, please set the "Show Parameter Settings in Synthesis Report" option in "Analysis and Synthesis Settings -> More Settings" to "Off".


+------------------------------------------------------------------------------------------------------------------------------+
; Parameter Settings for User Entity Instance: space_invaders:inst|alien_horde:alien_horde_inst|alien:\ALIEN_GEN:15:alien_inst ;
+----------------+-------+-----------------------------------------------------------------------------------------------------+
; Parameter Name ; Value ; Type                                                                                                ;
+----------------+-------+-----------------------------------------------------------------------------------------------------+
; init_pos_x     ; 380   ; Signed Integer                                                                                      ;
; init_pos_y     ; 80    ; Signed Integer                                                                                      ;
+----------------+-------+-----------------------------------------------------------------------------------------------------+
Note: In order to hide this table in the UI and the text report file, please set the "Show Parameter Settings in Synthesis Report" option in "Analysis and Synthesis Settings -> More Settings" to "Off".


+------------------------------------------------------------------------------------------------------------------------------+
; Parameter Settings for User Entity Instance: space_invaders:inst|alien_horde:alien_horde_inst|alien:\ALIEN_GEN:16:alien_inst ;
+----------------+-------+-----------------------------------------------------------------------------------------------------+
; Parameter Name ; Value ; Type                                                                                                ;
+----------------+-------+-----------------------------------------------------------------------------------------------------+
; init_pos_x     ; 415   ; Signed Integer                                                                                      ;
; init_pos_y     ; 80    ; Signed Integer                                                                                      ;
+----------------+-------+-----------------------------------------------------------------------------------------------------+
Note: In order to hide this table in the UI and the text report file, please set the "Show Parameter Settings in Synthesis Report" option in "Analysis and Synthesis Settings -> More Settings" to "Off".


+------------------------------------------------------------------------------------------------------------------------------+
; Parameter Settings for User Entity Instance: space_invaders:inst|alien_horde:alien_horde_inst|alien:\ALIEN_GEN:17:alien_inst ;
+----------------+-------+-----------------------------------------------------------------------------------------------------+
; Parameter Name ; Value ; Type                                                                                                ;
+----------------+-------+-----------------------------------------------------------------------------------------------------+
; init_pos_x     ; 450   ; Signed Integer                                                                                      ;
; init_pos_y     ; 80    ; Signed Integer                                                                                      ;
+----------------+-------+-----------------------------------------------------------------------------------------------------+
Note: In order to hide this table in the UI and the text report file, please set the "Show Parameter Settings in Synthesis Report" option in "Analysis and Synthesis Settings -> More Settings" to "Off".


+------------------------------------------------------------------------------------------------------------------------------+
; Parameter Settings for User Entity Instance: space_invaders:inst|alien_horde:alien_horde_inst|alien:\ALIEN_GEN:18:alien_inst ;
+----------------+-------+-----------------------------------------------------------------------------------------------------+
; Parameter Name ; Value ; Type                                                                                                ;
+----------------+-------+-----------------------------------------------------------------------------------------------------+
; init_pos_x     ; 170   ; Signed Integer                                                                                      ;
; init_pos_y     ; 110   ; Signed Integer                                                                                      ;
+----------------+-------+-----------------------------------------------------------------------------------------------------+
Note: In order to hide this table in the UI and the text report file, please set the "Show Parameter Settings in Synthesis Report" option in "Analysis and Synthesis Settings -> More Settings" to "Off".


+------------------------------------------------------------------------------------------------------------------------------+
; Parameter Settings for User Entity Instance: space_invaders:inst|alien_horde:alien_horde_inst|alien:\ALIEN_GEN:19:alien_inst ;
+----------------+-------+-----------------------------------------------------------------------------------------------------+
; Parameter Name ; Value ; Type                                                                                                ;
+----------------+-------+-----------------------------------------------------------------------------------------------------+
; init_pos_x     ; 205   ; Signed Integer                                                                                      ;
; init_pos_y     ; 110   ; Signed Integer                                                                                      ;
+----------------+-------+-----------------------------------------------------------------------------------------------------+
Note: In order to hide this table in the UI and the text report file, please set the "Show Parameter Settings in Synthesis Report" option in "Analysis and Synthesis Settings -> More Settings" to "Off".


+------------------------------------------------------------------------------------------------------------------------------+
; Parameter Settings for User Entity Instance: space_invaders:inst|alien_horde:alien_horde_inst|alien:\ALIEN_GEN:20:alien_inst ;
+----------------+-------+-----------------------------------------------------------------------------------------------------+
; Parameter Name ; Value ; Type                                                                                                ;
+----------------+-------+-----------------------------------------------------------------------------------------------------+
; init_pos_x     ; 240   ; Signed Integer                                                                                      ;
; init_pos_y     ; 110   ; Signed Integer                                                                                      ;
+----------------+-------+-----------------------------------------------------------------------------------------------------+
Note: In order to hide this table in the UI and the text report file, please set the "Show Parameter Settings in Synthesis Report" option in "Analysis and Synthesis Settings -> More Settings" to "Off".


+------------------------------------------------------------------------------------------------------------------------------+
; Parameter Settings for User Entity Instance: space_invaders:inst|alien_horde:alien_horde_inst|alien:\ALIEN_GEN:21:alien_inst ;
+----------------+-------+-----------------------------------------------------------------------------------------------------+
; Parameter Name ; Value ; Type                                                                                                ;
+----------------+-------+-----------------------------------------------------------------------------------------------------+
; init_pos_x     ; 275   ; Signed Integer                                                                                      ;
; init_pos_y     ; 110   ; Signed Integer                                                                                      ;
+----------------+-------+-----------------------------------------------------------------------------------------------------+
Note: In order to hide this table in the UI and the text report file, please set the "Show Parameter Settings in Synthesis Report" option in "Analysis and Synthesis Settings -> More Settings" to "Off".


+------------------------------------------------------------------------------------------------------------------------------+
; Parameter Settings for User Entity Instance: space_invaders:inst|alien_horde:alien_horde_inst|alien:\ALIEN_GEN:22:alien_inst ;
+----------------+-------+-----------------------------------------------------------------------------------------------------+
; Parameter Name ; Value ; Type                                                                                                ;
+----------------+-------+-----------------------------------------------------------------------------------------------------+
; init_pos_x     ; 310   ; Signed Integer                                                                                      ;
; init_pos_y     ; 110   ; Signed Integer                                                                                      ;
+----------------+-------+-----------------------------------------------------------------------------------------------------+
Note: In order to hide this table in the UI and the text report file, please set the "Show Parameter Settings in Synthesis Report" option in "Analysis and Synthesis Settings -> More Settings" to "Off".


+------------------------------------------------------------------------------------------------------------------------------+
; Parameter Settings for User Entity Instance: space_invaders:inst|alien_horde:alien_horde_inst|alien:\ALIEN_GEN:23:alien_inst ;
+----------------+-------+-----------------------------------------------------------------------------------------------------+
; Parameter Name ; Value ; Type                                                                                                ;
+----------------+-------+-----------------------------------------------------------------------------------------------------+
; init_pos_x     ; 345   ; Signed Integer                                                                                      ;
; init_pos_y     ; 110   ; Signed Integer                                                                                      ;
+----------------+-------+-----------------------------------------------------------------------------------------------------+
Note: In order to hide this table in the UI and the text report file, please set the "Show Parameter Settings in Synthesis Report" option in "Analysis and Synthesis Settings -> More Settings" to "Off".


+------------------------------------------------------------------------------------------------------------------------------+
; Parameter Settings for User Entity Instance: space_invaders:inst|alien_horde:alien_horde_inst|alien:\ALIEN_GEN:24:alien_inst ;
+----------------+-------+-----------------------------------------------------------------------------------------------------+
; Parameter Name ; Value ; Type                                                                                                ;
+----------------+-------+-----------------------------------------------------------------------------------------------------+
; init_pos_x     ; 380   ; Signed Integer                                                                                      ;
; init_pos_y     ; 110   ; Signed Integer                                                                                      ;
+----------------+-------+-----------------------------------------------------------------------------------------------------+
Note: In order to hide this table in the UI and the text report file, please set the "Show Parameter Settings in Synthesis Report" option in "Analysis and Synthesis Settings -> More Settings" to "Off".


+------------------------------------------------------------------------------------------------------------------------------+
; Parameter Settings for User Entity Instance: space_invaders:inst|alien_horde:alien_horde_inst|alien:\ALIEN_GEN:25:alien_inst ;
+----------------+-------+-----------------------------------------------------------------------------------------------------+
; Parameter Name ; Value ; Type                                                                                                ;
+----------------+-------+-----------------------------------------------------------------------------------------------------+
; init_pos_x     ; 415   ; Signed Integer                                                                                      ;
; init_pos_y     ; 110   ; Signed Integer                                                                                      ;
+----------------+-------+-----------------------------------------------------------------------------------------------------+
Note: In order to hide this table in the UI and the text report file, please set the "Show Parameter Settings in Synthesis Report" option in "Analysis and Synthesis Settings -> More Settings" to "Off".


+------------------------------------------------------------------------------------------------------------------------------+
; Parameter Settings for User Entity Instance: space_invaders:inst|alien_horde:alien_horde_inst|alien:\ALIEN_GEN:26:alien_inst ;
+----------------+-------+-----------------------------------------------------------------------------------------------------+
; Parameter Name ; Value ; Type                                                                                                ;
+----------------+-------+-----------------------------------------------------------------------------------------------------+
; init_pos_x     ; 450   ; Signed Integer                                                                                      ;
; init_pos_y     ; 110   ; Signed Integer                                                                                      ;
+----------------+-------+-----------------------------------------------------------------------------------------------------+
Note: In order to hide this table in the UI and the text report file, please set the "Show Parameter Settings in Synthesis Report" option in "Analysis and Synthesis Settings -> More Settings" to "Off".


+-------------------------------------------------------------+
; Parameter Settings for User Entity Instance: VGA_drvr:inst1 ;
+-----------------+-------+-----------------------------------+
; Parameter Name  ; Value ; Type                              ;
+-----------------+-------+-----------------------------------+
; h_back_porch    ; 48    ; Signed Integer                    ;
; h_display       ; 640   ; Signed Integer                    ;
; h_front_porch   ; 16    ; Signed Integer                    ;
; h_retrace       ; 96    ; Signed Integer                    ;
; v_back_porch    ; 33    ; Signed Integer                    ;
; v_display       ; 480   ; Signed Integer                    ;
; v_front_porch   ; 10    ; Signed Integer                    ;
; v_retrace       ; 2     ; Signed Integer                    ;
; color_bits      ; 4     ; Signed Integer                    ;
; h_sync_polarity ; '0'   ; Enumerated                        ;
; v_sync_polarity ; '0'   ; Enumerated                        ;
; h_counter_size  ; 10    ; Signed Integer                    ;
; v_counter_size  ; 10    ; Signed Integer                    ;
+-----------------+-------+-----------------------------------+
Note: In order to hide this table in the UI and the text report file, please set the "Show Parameter Settings in Synthesis Report" option in "Analysis and Synthesis Settings -> More Settings" to "Off".


+-------------------------------------------------------------------------------------------------------------------------------------------+
; Port Connectivity Checks: "space_invaders:inst|alien_horde:alien_horde_inst|collision_controller:\ALIEN_GEN:26:collision_controller_inst" ;
+-------------------+-------+----------+----------------------------------------------------------------------------------------------------+
; Port              ; Type  ; Severity ; Details                                                                                            ;
+-------------------+-------+----------+----------------------------------------------------------------------------------------------------+
; alien_x_i[31..10] ; Input ; Info     ; Stuck at GND                                                                                       ;
; alien_y_i[31..9]  ; Input ; Info     ; Stuck at GND                                                                                       ;
+-------------------+-------+----------+----------------------------------------------------------------------------------------------------+


+-----------------------------------------------------------------------------------------------------------------------+
; Port Connectivity Checks: "space_invaders:inst|alien_horde:alien_horde_inst|alien_draw:\ALIEN_GEN:26:alien_draw_inst" ;
+-----------------------+-------+----------+----------------------------------------------------------------------------+
; Port                  ; Type  ; Severity ; Details                                                                    ;
+-----------------------+-------+----------+----------------------------------------------------------------------------+
; alien_pos_x_i[31..10] ; Input ; Info     ; Stuck at GND                                                               ;
; alien_pos_y_i[31..9]  ; Input ; Info     ; Stuck at GND                                                               ;
+-----------------------+-------+----------+----------------------------------------------------------------------------+


+-------------------------------------------------------------------------------------------------------------------------------------------+
; Port Connectivity Checks: "space_invaders:inst|alien_horde:alien_horde_inst|collision_controller:\ALIEN_GEN:25:collision_controller_inst" ;
+-------------------+-------+----------+----------------------------------------------------------------------------------------------------+
; Port              ; Type  ; Severity ; Details                                                                                            ;
+-------------------+-------+----------+----------------------------------------------------------------------------------------------------+
; alien_x_i[31..10] ; Input ; Info     ; Stuck at GND                                                                                       ;
; alien_y_i[31..9]  ; Input ; Info     ; Stuck at GND                                                                                       ;
+-------------------+-------+----------+----------------------------------------------------------------------------------------------------+


+-----------------------------------------------------------------------------------------------------------------------+
; Port Connectivity Checks: "space_invaders:inst|alien_horde:alien_horde_inst|alien_draw:\ALIEN_GEN:25:alien_draw_inst" ;
+-----------------------+-------+----------+----------------------------------------------------------------------------+
; Port                  ; Type  ; Severity ; Details                                                                    ;
+-----------------------+-------+----------+----------------------------------------------------------------------------+
; alien_pos_x_i[31..10] ; Input ; Info     ; Stuck at GND                                                               ;
; alien_pos_y_i[31..9]  ; Input ; Info     ; Stuck at GND                                                               ;
+-----------------------+-------+----------+----------------------------------------------------------------------------+


+-------------------------------------------------------------------------------------------------------------------------------------------+
; Port Connectivity Checks: "space_invaders:inst|alien_horde:alien_horde_inst|collision_controller:\ALIEN_GEN:24:collision_controller_inst" ;
+-------------------+-------+----------+----------------------------------------------------------------------------------------------------+
; Port              ; Type  ; Severity ; Details                                                                                            ;
+-------------------+-------+----------+----------------------------------------------------------------------------------------------------+
; alien_x_i[31..10] ; Input ; Info     ; Stuck at GND                                                                                       ;
; alien_y_i[31..9]  ; Input ; Info     ; Stuck at GND                                                                                       ;
+-------------------+-------+----------+----------------------------------------------------------------------------------------------------+


+-----------------------------------------------------------------------------------------------------------------------+
; Port Connectivity Checks: "space_invaders:inst|alien_horde:alien_horde_inst|alien_draw:\ALIEN_GEN:24:alien_draw_inst" ;
+-----------------------+-------+----------+----------------------------------------------------------------------------+
; Port                  ; Type  ; Severity ; Details                                                                    ;
+-----------------------+-------+----------+----------------------------------------------------------------------------+
; alien_pos_x_i[31..10] ; Input ; Info     ; Stuck at GND                                                               ;
; alien_pos_y_i[31..9]  ; Input ; Info     ; Stuck at GND                                                               ;
+-----------------------+-------+----------+----------------------------------------------------------------------------+


+-------------------------------------------------------------------------------------------------------------------------------------------+
; Port Connectivity Checks: "space_invaders:inst|alien_horde:alien_horde_inst|collision_controller:\ALIEN_GEN:23:collision_controller_inst" ;
+-------------------+-------+----------+----------------------------------------------------------------------------------------------------+
; Port              ; Type  ; Severity ; Details                                                                                            ;
+-------------------+-------+----------+----------------------------------------------------------------------------------------------------+
; alien_x_i[31..10] ; Input ; Info     ; Stuck at GND                                                                                       ;
; alien_y_i[31..9]  ; Input ; Info     ; Stuck at GND                                                                                       ;
+-------------------+-------+----------+----------------------------------------------------------------------------------------------------+


+-----------------------------------------------------------------------------------------------------------------------+
; Port Connectivity Checks: "space_invaders:inst|alien_horde:alien_horde_inst|alien_draw:\ALIEN_GEN:23:alien_draw_inst" ;
+-----------------------+-------+----------+----------------------------------------------------------------------------+
; Port                  ; Type  ; Severity ; Details                                                                    ;
+-----------------------+-------+----------+----------------------------------------------------------------------------+
; alien_pos_x_i[31..10] ; Input ; Info     ; Stuck at GND                                                               ;
; alien_pos_y_i[31..9]  ; Input ; Info     ; Stuck at GND                                                               ;
+-----------------------+-------+----------+----------------------------------------------------------------------------+


+-------------------------------------------------------------------------------------------------------------------------------------------+
; Port Connectivity Checks: "space_invaders:inst|alien_horde:alien_horde_inst|collision_controller:\ALIEN_GEN:22:collision_controller_inst" ;
+-------------------+-------+----------+----------------------------------------------------------------------------------------------------+
; Port              ; Type  ; Severity ; Details                                                                                            ;
+-------------------+-------+----------+----------------------------------------------------------------------------------------------------+
; alien_x_i[31..10] ; Input ; Info     ; Stuck at GND                                                                                       ;
; alien_y_i[31..9]  ; Input ; Info     ; Stuck at GND                                                                                       ;
+-------------------+-------+----------+----------------------------------------------------------------------------------------------------+


+-----------------------------------------------------------------------------------------------------------------------+
; Port Connectivity Checks: "space_invaders:inst|alien_horde:alien_horde_inst|alien_draw:\ALIEN_GEN:22:alien_draw_inst" ;
+-----------------------+-------+----------+----------------------------------------------------------------------------+
; Port                  ; Type  ; Severity ; Details                                                                    ;
+-----------------------+-------+----------+----------------------------------------------------------------------------+
; alien_pos_x_i[31..10] ; Input ; Info     ; Stuck at GND                                                               ;
; alien_pos_y_i[31..9]  ; Input ; Info     ; Stuck at GND                                                               ;
+-----------------------+-------+----------+----------------------------------------------------------------------------+


+-------------------------------------------------------------------------------------------------------------------------------------------+
; Port Connectivity Checks: "space_invaders:inst|alien_horde:alien_horde_inst|collision_controller:\ALIEN_GEN:21:collision_controller_inst" ;
+-------------------+-------+----------+----------------------------------------------------------------------------------------------------+
; Port              ; Type  ; Severity ; Details                                                                                            ;
+-------------------+-------+----------+----------------------------------------------------------------------------------------------------+
; alien_x_i[31..10] ; Input ; Info     ; Stuck at GND                                                                                       ;
; alien_y_i[31..9]  ; Input ; Info     ; Stuck at GND                                                                                       ;
+-------------------+-------+----------+----------------------------------------------------------------------------------------------------+


+-----------------------------------------------------------------------------------------------------------------------+
; Port Connectivity Checks: "space_invaders:inst|alien_horde:alien_horde_inst|alien_draw:\ALIEN_GEN:21:alien_draw_inst" ;
+-----------------------+-------+----------+----------------------------------------------------------------------------+
; Port                  ; Type  ; Severity ; Details                                                                    ;
+-----------------------+-------+----------+----------------------------------------------------------------------------+
; alien_pos_x_i[31..10] ; Input ; Info     ; Stuck at GND                                                               ;
; alien_pos_y_i[31..9]  ; Input ; Info     ; Stuck at GND                                                               ;
+-----------------------+-------+----------+----------------------------------------------------------------------------+


+-------------------------------------------------------------------------------------------------------------------------------------------+
; Port Connectivity Checks: "space_invaders:inst|alien_horde:alien_horde_inst|collision_controller:\ALIEN_GEN:20:collision_controller_inst" ;
+-------------------+-------+----------+----------------------------------------------------------------------------------------------------+
; Port              ; Type  ; Severity ; Details                                                                                            ;
+-------------------+-------+----------+----------------------------------------------------------------------------------------------------+
; alien_x_i[31..10] ; Input ; Info     ; Stuck at GND                                                                                       ;
; alien_y_i[31..9]  ; Input ; Info     ; Stuck at GND                                                                                       ;
+-------------------+-------+----------+----------------------------------------------------------------------------------------------------+


+-----------------------------------------------------------------------------------------------------------------------+
; Port Connectivity Checks: "space_invaders:inst|alien_horde:alien_horde_inst|alien_draw:\ALIEN_GEN:20:alien_draw_inst" ;
+-----------------------+-------+----------+----------------------------------------------------------------------------+
; Port                  ; Type  ; Severity ; Details                                                                    ;
+-----------------------+-------+----------+----------------------------------------------------------------------------+
; alien_pos_x_i[31..10] ; Input ; Info     ; Stuck at GND                                                               ;
; alien_pos_y_i[31..9]  ; Input ; Info     ; Stuck at GND                                                               ;
+-----------------------+-------+----------+----------------------------------------------------------------------------+


+-------------------------------------------------------------------------------------------------------------------------------------------+
; Port Connectivity Checks: "space_invaders:inst|alien_horde:alien_horde_inst|collision_controller:\ALIEN_GEN:19:collision_controller_inst" ;
+-------------------+-------+----------+----------------------------------------------------------------------------------------------------+
; Port              ; Type  ; Severity ; Details                                                                                            ;
+-------------------+-------+----------+----------------------------------------------------------------------------------------------------+
; alien_x_i[31..10] ; Input ; Info     ; Stuck at GND                                                                                       ;
; alien_y_i[31..9]  ; Input ; Info     ; Stuck at GND                                                                                       ;
+-------------------+-------+----------+----------------------------------------------------------------------------------------------------+


+-----------------------------------------------------------------------------------------------------------------------+
; Port Connectivity Checks: "space_invaders:inst|alien_horde:alien_horde_inst|alien_draw:\ALIEN_GEN:19:alien_draw_inst" ;
+-----------------------+-------+----------+----------------------------------------------------------------------------+
; Port                  ; Type  ; Severity ; Details                                                                    ;
+-----------------------+-------+----------+----------------------------------------------------------------------------+
; alien_pos_x_i[31..10] ; Input ; Info     ; Stuck at GND                                                               ;
; alien_pos_y_i[31..9]  ; Input ; Info     ; Stuck at GND                                                               ;
+-----------------------+-------+----------+----------------------------------------------------------------------------+


+-------------------------------------------------------------------------------------------------------------------------------------------+
; Port Connectivity Checks: "space_invaders:inst|alien_horde:alien_horde_inst|collision_controller:\ALIEN_GEN:18:collision_controller_inst" ;
+-------------------+-------+----------+----------------------------------------------------------------------------------------------------+
; Port              ; Type  ; Severity ; Details                                                                                            ;
+-------------------+-------+----------+----------------------------------------------------------------------------------------------------+
; alien_x_i[31..10] ; Input ; Info     ; Stuck at GND                                                                                       ;
; alien_y_i[31..9]  ; Input ; Info     ; Stuck at GND                                                                                       ;
+-------------------+-------+----------+----------------------------------------------------------------------------------------------------+


+-----------------------------------------------------------------------------------------------------------------------+
; Port Connectivity Checks: "space_invaders:inst|alien_horde:alien_horde_inst|alien_draw:\ALIEN_GEN:18:alien_draw_inst" ;
+-----------------------+-------+----------+----------------------------------------------------------------------------+
; Port                  ; Type  ; Severity ; Details                                                                    ;
+-----------------------+-------+----------+----------------------------------------------------------------------------+
; alien_pos_x_i[31..10] ; Input ; Info     ; Stuck at GND                                                               ;
; alien_pos_y_i[31..9]  ; Input ; Info     ; Stuck at GND                                                               ;
+-----------------------+-------+----------+----------------------------------------------------------------------------+


+-------------------------------------------------------------------------------------------------------------------------------------------+
; Port Connectivity Checks: "space_invaders:inst|alien_horde:alien_horde_inst|collision_controller:\ALIEN_GEN:17:collision_controller_inst" ;
+-------------------+-------+----------+----------------------------------------------------------------------------------------------------+
; Port              ; Type  ; Severity ; Details                                                                                            ;
+-------------------+-------+----------+----------------------------------------------------------------------------------------------------+
; alien_x_i[31..10] ; Input ; Info     ; Stuck at GND                                                                                       ;
; alien_y_i[31..9]  ; Input ; Info     ; Stuck at GND                                                                                       ;
+-------------------+-------+----------+----------------------------------------------------------------------------------------------------+


+-----------------------------------------------------------------------------------------------------------------------+
; Port Connectivity Checks: "space_invaders:inst|alien_horde:alien_horde_inst|alien_draw:\ALIEN_GEN:17:alien_draw_inst" ;
+-----------------------+-------+----------+----------------------------------------------------------------------------+
; Port                  ; Type  ; Severity ; Details                                                                    ;
+-----------------------+-------+----------+----------------------------------------------------------------------------+
; alien_pos_x_i[31..10] ; Input ; Info     ; Stuck at GND                                                               ;
; alien_pos_y_i[31..9]  ; Input ; Info     ; Stuck at GND                                                               ;
+-----------------------+-------+----------+----------------------------------------------------------------------------+


+-------------------------------------------------------------------------------------------------------------------------------------------+
; Port Connectivity Checks: "space_invaders:inst|alien_horde:alien_horde_inst|collision_controller:\ALIEN_GEN:16:collision_controller_inst" ;
+-------------------+-------+----------+----------------------------------------------------------------------------------------------------+
; Port              ; Type  ; Severity ; Details                                                                                            ;
+-------------------+-------+----------+----------------------------------------------------------------------------------------------------+
; alien_x_i[31..10] ; Input ; Info     ; Stuck at GND                                                                                       ;
; alien_y_i[31..9]  ; Input ; Info     ; Stuck at GND                                                                                       ;
+-------------------+-------+----------+----------------------------------------------------------------------------------------------------+


+-----------------------------------------------------------------------------------------------------------------------+
; Port Connectivity Checks: "space_invaders:inst|alien_horde:alien_horde_inst|alien_draw:\ALIEN_GEN:16:alien_draw_inst" ;
+-----------------------+-------+----------+----------------------------------------------------------------------------+
; Port                  ; Type  ; Severity ; Details                                                                    ;
+-----------------------+-------+----------+----------------------------------------------------------------------------+
; alien_pos_x_i[31..10] ; Input ; Info     ; Stuck at GND                                                               ;
; alien_pos_y_i[31..9]  ; Input ; Info     ; Stuck at GND                                                               ;
+-----------------------+-------+----------+----------------------------------------------------------------------------+


+-------------------------------------------------------------------------------------------------------------------------------------------+
; Port Connectivity Checks: "space_invaders:inst|alien_horde:alien_horde_inst|collision_controller:\ALIEN_GEN:15:collision_controller_inst" ;
+-------------------+-------+----------+----------------------------------------------------------------------------------------------------+
; Port              ; Type  ; Severity ; Details                                                                                            ;
+-------------------+-------+----------+----------------------------------------------------------------------------------------------------+
; alien_x_i[31..10] ; Input ; Info     ; Stuck at GND                                                                                       ;
; alien_y_i[31..9]  ; Input ; Info     ; Stuck at GND                                                                                       ;
+-------------------+-------+----------+----------------------------------------------------------------------------------------------------+


+-----------------------------------------------------------------------------------------------------------------------+
; Port Connectivity Checks: "space_invaders:inst|alien_horde:alien_horde_inst|alien_draw:\ALIEN_GEN:15:alien_draw_inst" ;
+-----------------------+-------+----------+----------------------------------------------------------------------------+
; Port                  ; Type  ; Severity ; Details                                                                    ;
+-----------------------+-------+----------+----------------------------------------------------------------------------+
; alien_pos_x_i[31..10] ; Input ; Info     ; Stuck at GND                                                               ;
; alien_pos_y_i[31..9]  ; Input ; Info     ; Stuck at GND                                                               ;
+-----------------------+-------+----------+----------------------------------------------------------------------------+


+-------------------------------------------------------------------------------------------------------------------------------------------+
; Port Connectivity Checks: "space_invaders:inst|alien_horde:alien_horde_inst|collision_controller:\ALIEN_GEN:14:collision_controller_inst" ;
+-------------------+-------+----------+----------------------------------------------------------------------------------------------------+
; Port              ; Type  ; Severity ; Details                                                                                            ;
+-------------------+-------+----------+----------------------------------------------------------------------------------------------------+
; alien_x_i[31..10] ; Input ; Info     ; Stuck at GND                                                                                       ;
; alien_y_i[31..9]  ; Input ; Info     ; Stuck at GND                                                                                       ;
+-------------------+-------+----------+----------------------------------------------------------------------------------------------------+


+-----------------------------------------------------------------------------------------------------------------------+
; Port Connectivity Checks: "space_invaders:inst|alien_horde:alien_horde_inst|alien_draw:\ALIEN_GEN:14:alien_draw_inst" ;
+-----------------------+-------+----------+----------------------------------------------------------------------------+
; Port                  ; Type  ; Severity ; Details                                                                    ;
+-----------------------+-------+----------+----------------------------------------------------------------------------+
; alien_pos_x_i[31..10] ; Input ; Info     ; Stuck at GND                                                               ;
; alien_pos_y_i[31..9]  ; Input ; Info     ; Stuck at GND                                                               ;
+-----------------------+-------+----------+----------------------------------------------------------------------------+


+-------------------------------------------------------------------------------------------------------------------------------------------+
; Port Connectivity Checks: "space_invaders:inst|alien_horde:alien_horde_inst|collision_controller:\ALIEN_GEN:13:collision_controller_inst" ;
+-------------------+-------+----------+----------------------------------------------------------------------------------------------------+
; Port              ; Type  ; Severity ; Details                                                                                            ;
+-------------------+-------+----------+----------------------------------------------------------------------------------------------------+
; alien_x_i[31..10] ; Input ; Info     ; Stuck at GND                                                                                       ;
; alien_y_i[31..9]  ; Input ; Info     ; Stuck at GND                                                                                       ;
+-------------------+-------+----------+----------------------------------------------------------------------------------------------------+


+-----------------------------------------------------------------------------------------------------------------------+
; Port Connectivity Checks: "space_invaders:inst|alien_horde:alien_horde_inst|alien_draw:\ALIEN_GEN:13:alien_draw_inst" ;
+-----------------------+-------+----------+----------------------------------------------------------------------------+
; Port                  ; Type  ; Severity ; Details                                                                    ;
+-----------------------+-------+----------+----------------------------------------------------------------------------+
; alien_pos_x_i[31..10] ; Input ; Info     ; Stuck at GND                                                               ;
; alien_pos_y_i[31..9]  ; Input ; Info     ; Stuck at GND                                                               ;
+-----------------------+-------+----------+----------------------------------------------------------------------------+


+-------------------------------------------------------------------------------------------------------------------------------------------+
; Port Connectivity Checks: "space_invaders:inst|alien_horde:alien_horde_inst|collision_controller:\ALIEN_GEN:12:collision_controller_inst" ;
+-------------------+-------+----------+----------------------------------------------------------------------------------------------------+
; Port              ; Type  ; Severity ; Details                                                                                            ;
+-------------------+-------+----------+----------------------------------------------------------------------------------------------------+
; alien_x_i[31..10] ; Input ; Info     ; Stuck at GND                                                                                       ;
; alien_y_i[31..9]  ; Input ; Info     ; Stuck at GND                                                                                       ;
+-------------------+-------+----------+----------------------------------------------------------------------------------------------------+


+-----------------------------------------------------------------------------------------------------------------------+
; Port Connectivity Checks: "space_invaders:inst|alien_horde:alien_horde_inst|alien_draw:\ALIEN_GEN:12:alien_draw_inst" ;
+-----------------------+-------+----------+----------------------------------------------------------------------------+
; Port                  ; Type  ; Severity ; Details                                                                    ;
+-----------------------+-------+----------+----------------------------------------------------------------------------+
; alien_pos_x_i[31..10] ; Input ; Info     ; Stuck at GND                                                               ;
; alien_pos_y_i[31..9]  ; Input ; Info     ; Stuck at GND                                                               ;
+-----------------------+-------+----------+----------------------------------------------------------------------------+


+-------------------------------------------------------------------------------------------------------------------------------------------+
; Port Connectivity Checks: "space_invaders:inst|alien_horde:alien_horde_inst|collision_controller:\ALIEN_GEN:11:collision_controller_inst" ;
+-------------------+-------+----------+----------------------------------------------------------------------------------------------------+
; Port              ; Type  ; Severity ; Details                                                                                            ;
+-------------------+-------+----------+----------------------------------------------------------------------------------------------------+
; alien_x_i[31..10] ; Input ; Info     ; Stuck at GND                                                                                       ;
; alien_y_i[31..9]  ; Input ; Info     ; Stuck at GND                                                                                       ;
+-------------------+-------+----------+----------------------------------------------------------------------------------------------------+


+-----------------------------------------------------------------------------------------------------------------------+
; Port Connectivity Checks: "space_invaders:inst|alien_horde:alien_horde_inst|alien_draw:\ALIEN_GEN:11:alien_draw_inst" ;
+-----------------------+-------+----------+----------------------------------------------------------------------------+
; Port                  ; Type  ; Severity ; Details                                                                    ;
+-----------------------+-------+----------+----------------------------------------------------------------------------+
; alien_pos_x_i[31..10] ; Input ; Info     ; Stuck at GND                                                               ;
; alien_pos_y_i[31..9]  ; Input ; Info     ; Stuck at GND                                                               ;
+-----------------------+-------+----------+----------------------------------------------------------------------------+


+-------------------------------------------------------------------------------------------------------------------------------------------+
; Port Connectivity Checks: "space_invaders:inst|alien_horde:alien_horde_inst|collision_controller:\ALIEN_GEN:10:collision_controller_inst" ;
+-------------------+-------+----------+----------------------------------------------------------------------------------------------------+
; Port              ; Type  ; Severity ; Details                                                                                            ;
+-------------------+-------+----------+----------------------------------------------------------------------------------------------------+
; alien_x_i[31..10] ; Input ; Info     ; Stuck at GND                                                                                       ;
; alien_y_i[31..9]  ; Input ; Info     ; Stuck at GND                                                                                       ;
+-------------------+-------+----------+----------------------------------------------------------------------------------------------------+


+-----------------------------------------------------------------------------------------------------------------------+
; Port Connectivity Checks: "space_invaders:inst|alien_horde:alien_horde_inst|alien_draw:\ALIEN_GEN:10:alien_draw_inst" ;
+-----------------------+-------+----------+----------------------------------------------------------------------------+
; Port                  ; Type  ; Severity ; Details                                                                    ;
+-----------------------+-------+----------+----------------------------------------------------------------------------+
; alien_pos_x_i[31..10] ; Input ; Info     ; Stuck at GND                                                               ;
; alien_pos_y_i[31..9]  ; Input ; Info     ; Stuck at GND                                                               ;
+-----------------------+-------+----------+----------------------------------------------------------------------------+


+------------------------------------------------------------------------------------------------------------------------------------------+
; Port Connectivity Checks: "space_invaders:inst|alien_horde:alien_horde_inst|collision_controller:\ALIEN_GEN:9:collision_controller_inst" ;
+-------------------+-------+----------+---------------------------------------------------------------------------------------------------+
; Port              ; Type  ; Severity ; Details                                                                                           ;
+-------------------+-------+----------+---------------------------------------------------------------------------------------------------+
; alien_x_i[31..10] ; Input ; Info     ; Stuck at GND                                                                                      ;
; alien_y_i[31..9]  ; Input ; Info     ; Stuck at GND                                                                                      ;
+-------------------+-------+----------+---------------------------------------------------------------------------------------------------+


+----------------------------------------------------------------------------------------------------------------------+
; Port Connectivity Checks: "space_invaders:inst|alien_horde:alien_horde_inst|alien_draw:\ALIEN_GEN:9:alien_draw_inst" ;
+-----------------------+-------+----------+---------------------------------------------------------------------------+
; Port                  ; Type  ; Severity ; Details                                                                   ;
+-----------------------+-------+----------+---------------------------------------------------------------------------+
; alien_pos_x_i[31..10] ; Input ; Info     ; Stuck at GND                                                              ;
; alien_pos_y_i[31..9]  ; Input ; Info     ; Stuck at GND                                                              ;
+-----------------------+-------+----------+---------------------------------------------------------------------------+


+------------------------------------------------------------------------------------------------------------------------------------------+
; Port Connectivity Checks: "space_invaders:inst|alien_horde:alien_horde_inst|collision_controller:\ALIEN_GEN:8:collision_controller_inst" ;
+-------------------+-------+----------+---------------------------------------------------------------------------------------------------+
; Port              ; Type  ; Severity ; Details                                                                                           ;
+-------------------+-------+----------+---------------------------------------------------------------------------------------------------+
; alien_x_i[31..10] ; Input ; Info     ; Stuck at GND                                                                                      ;
; alien_y_i[31..9]  ; Input ; Info     ; Stuck at GND                                                                                      ;
+-------------------+-------+----------+---------------------------------------------------------------------------------------------------+


+----------------------------------------------------------------------------------------------------------------------+
; Port Connectivity Checks: "space_invaders:inst|alien_horde:alien_horde_inst|alien_draw:\ALIEN_GEN:8:alien_draw_inst" ;
+-----------------------+-------+----------+---------------------------------------------------------------------------+
; Port                  ; Type  ; Severity ; Details                                                                   ;
+-----------------------+-------+----------+---------------------------------------------------------------------------+
; alien_pos_x_i[31..10] ; Input ; Info     ; Stuck at GND                                                              ;
; alien_pos_y_i[31..9]  ; Input ; Info     ; Stuck at GND                                                              ;
+-----------------------+-------+----------+---------------------------------------------------------------------------+


+------------------------------------------------------------------------------------------------------------------------------------------+
; Port Connectivity Checks: "space_invaders:inst|alien_horde:alien_horde_inst|collision_controller:\ALIEN_GEN:7:collision_controller_inst" ;
+-------------------+-------+----------+---------------------------------------------------------------------------------------------------+
; Port              ; Type  ; Severity ; Details                                                                                           ;
+-------------------+-------+----------+---------------------------------------------------------------------------------------------------+
; alien_x_i[31..10] ; Input ; Info     ; Stuck at GND                                                                                      ;
; alien_y_i[31..9]  ; Input ; Info     ; Stuck at GND                                                                                      ;
+-------------------+-------+----------+---------------------------------------------------------------------------------------------------+


+----------------------------------------------------------------------------------------------------------------------+
; Port Connectivity Checks: "space_invaders:inst|alien_horde:alien_horde_inst|alien_draw:\ALIEN_GEN:7:alien_draw_inst" ;
+-----------------------+-------+----------+---------------------------------------------------------------------------+
; Port                  ; Type  ; Severity ; Details                                                                   ;
+-----------------------+-------+----------+---------------------------------------------------------------------------+
; alien_pos_x_i[31..10] ; Input ; Info     ; Stuck at GND                                                              ;
; alien_pos_y_i[31..9]  ; Input ; Info     ; Stuck at GND                                                              ;
+-----------------------+-------+----------+---------------------------------------------------------------------------+


+------------------------------------------------------------------------------------------------------------------------------------------+
; Port Connectivity Checks: "space_invaders:inst|alien_horde:alien_horde_inst|collision_controller:\ALIEN_GEN:6:collision_controller_inst" ;
+-------------------+-------+----------+---------------------------------------------------------------------------------------------------+
; Port              ; Type  ; Severity ; Details                                                                                           ;
+-------------------+-------+----------+---------------------------------------------------------------------------------------------------+
; alien_x_i[31..10] ; Input ; Info     ; Stuck at GND                                                                                      ;
; alien_y_i[31..9]  ; Input ; Info     ; Stuck at GND                                                                                      ;
+-------------------+-------+----------+---------------------------------------------------------------------------------------------------+


+----------------------------------------------------------------------------------------------------------------------+
; Port Connectivity Checks: "space_invaders:inst|alien_horde:alien_horde_inst|alien_draw:\ALIEN_GEN:6:alien_draw_inst" ;
+-----------------------+-------+----------+---------------------------------------------------------------------------+
; Port                  ; Type  ; Severity ; Details                                                                   ;
+-----------------------+-------+----------+---------------------------------------------------------------------------+
; alien_pos_x_i[31..10] ; Input ; Info     ; Stuck at GND                                                              ;
; alien_pos_y_i[31..9]  ; Input ; Info     ; Stuck at GND                                                              ;
+-----------------------+-------+----------+---------------------------------------------------------------------------+


+------------------------------------------------------------------------------------------------------------------------------------------+
; Port Connectivity Checks: "space_invaders:inst|alien_horde:alien_horde_inst|collision_controller:\ALIEN_GEN:5:collision_controller_inst" ;
+-------------------+-------+----------+---------------------------------------------------------------------------------------------------+
; Port              ; Type  ; Severity ; Details                                                                                           ;
+-------------------+-------+----------+---------------------------------------------------------------------------------------------------+
; alien_x_i[31..10] ; Input ; Info     ; Stuck at GND                                                                                      ;
; alien_y_i[31..9]  ; Input ; Info     ; Stuck at GND                                                                                      ;
+-------------------+-------+----------+---------------------------------------------------------------------------------------------------+


+----------------------------------------------------------------------------------------------------------------------+
; Port Connectivity Checks: "space_invaders:inst|alien_horde:alien_horde_inst|alien_draw:\ALIEN_GEN:5:alien_draw_inst" ;
+-----------------------+-------+----------+---------------------------------------------------------------------------+
; Port                  ; Type  ; Severity ; Details                                                                   ;
+-----------------------+-------+----------+---------------------------------------------------------------------------+
; alien_pos_x_i[31..10] ; Input ; Info     ; Stuck at GND                                                              ;
; alien_pos_y_i[31..9]  ; Input ; Info     ; Stuck at GND                                                              ;
+-----------------------+-------+----------+---------------------------------------------------------------------------+


+------------------------------------------------------------------------------------------------------------------------------------------+
; Port Connectivity Checks: "space_invaders:inst|alien_horde:alien_horde_inst|collision_controller:\ALIEN_GEN:4:collision_controller_inst" ;
+-------------------+-------+----------+---------------------------------------------------------------------------------------------------+
; Port              ; Type  ; Severity ; Details                                                                                           ;
+-------------------+-------+----------+---------------------------------------------------------------------------------------------------+
; alien_x_i[31..10] ; Input ; Info     ; Stuck at GND                                                                                      ;
; alien_y_i[31..9]  ; Input ; Info     ; Stuck at GND                                                                                      ;
+-------------------+-------+----------+---------------------------------------------------------------------------------------------------+


+----------------------------------------------------------------------------------------------------------------------+
; Port Connectivity Checks: "space_invaders:inst|alien_horde:alien_horde_inst|alien_draw:\ALIEN_GEN:4:alien_draw_inst" ;
+-----------------------+-------+----------+---------------------------------------------------------------------------+
; Port                  ; Type  ; Severity ; Details                                                                   ;
+-----------------------+-------+----------+---------------------------------------------------------------------------+
; alien_pos_x_i[31..10] ; Input ; Info     ; Stuck at GND                                                              ;
; alien_pos_y_i[31..9]  ; Input ; Info     ; Stuck at GND                                                              ;
+-----------------------+-------+----------+---------------------------------------------------------------------------+


+------------------------------------------------------------------------------------------------------------------------------------------+
; Port Connectivity Checks: "space_invaders:inst|alien_horde:alien_horde_inst|collision_controller:\ALIEN_GEN:3:collision_controller_inst" ;
+-------------------+-------+----------+---------------------------------------------------------------------------------------------------+
; Port              ; Type  ; Severity ; Details                                                                                           ;
+-------------------+-------+----------+---------------------------------------------------------------------------------------------------+
; alien_x_i[31..10] ; Input ; Info     ; Stuck at GND                                                                                      ;
; alien_y_i[31..9]  ; Input ; Info     ; Stuck at GND                                                                                      ;
+-------------------+-------+----------+---------------------------------------------------------------------------------------------------+


+----------------------------------------------------------------------------------------------------------------------+
; Port Connectivity Checks: "space_invaders:inst|alien_horde:alien_horde_inst|alien_draw:\ALIEN_GEN:3:alien_draw_inst" ;
+-----------------------+-------+----------+---------------------------------------------------------------------------+
; Port                  ; Type  ; Severity ; Details                                                                   ;
+-----------------------+-------+----------+---------------------------------------------------------------------------+
; alien_pos_x_i[31..10] ; Input ; Info     ; Stuck at GND                                                              ;
; alien_pos_y_i[31..9]  ; Input ; Info     ; Stuck at GND                                                              ;
+-----------------------+-------+----------+---------------------------------------------------------------------------+


+------------------------------------------------------------------------------------------------------------------------------------------+
; Port Connectivity Checks: "space_invaders:inst|alien_horde:alien_horde_inst|collision_controller:\ALIEN_GEN:2:collision_controller_inst" ;
+-------------------+-------+----------+---------------------------------------------------------------------------------------------------+
; Port              ; Type  ; Severity ; Details                                                                                           ;
+-------------------+-------+----------+---------------------------------------------------------------------------------------------------+
; alien_x_i[31..10] ; Input ; Info     ; Stuck at GND                                                                                      ;
; alien_y_i[31..9]  ; Input ; Info     ; Stuck at GND                                                                                      ;
+-------------------+-------+----------+---------------------------------------------------------------------------------------------------+


+----------------------------------------------------------------------------------------------------------------------+
; Port Connectivity Checks: "space_invaders:inst|alien_horde:alien_horde_inst|alien_draw:\ALIEN_GEN:2:alien_draw_inst" ;
+-----------------------+-------+----------+---------------------------------------------------------------------------+
; Port                  ; Type  ; Severity ; Details                                                                   ;
+-----------------------+-------+----------+---------------------------------------------------------------------------+
; alien_pos_x_i[31..10] ; Input ; Info     ; Stuck at GND                                                              ;
; alien_pos_y_i[31..9]  ; Input ; Info     ; Stuck at GND                                                              ;
+-----------------------+-------+----------+---------------------------------------------------------------------------+


+------------------------------------------------------------------------------------------------------------------------------------------+
; Port Connectivity Checks: "space_invaders:inst|alien_horde:alien_horde_inst|collision_controller:\ALIEN_GEN:1:collision_controller_inst" ;
+-------------------+-------+----------+---------------------------------------------------------------------------------------------------+
; Port              ; Type  ; Severity ; Details                                                                                           ;
+-------------------+-------+----------+---------------------------------------------------------------------------------------------------+
; alien_x_i[31..10] ; Input ; Info     ; Stuck at GND                                                                                      ;
; alien_y_i[31..9]  ; Input ; Info     ; Stuck at GND                                                                                      ;
+-------------------+-------+----------+---------------------------------------------------------------------------------------------------+


+----------------------------------------------------------------------------------------------------------------------+
; Port Connectivity Checks: "space_invaders:inst|alien_horde:alien_horde_inst|alien_draw:\ALIEN_GEN:1:alien_draw_inst" ;
+-----------------------+-------+----------+---------------------------------------------------------------------------+
; Port                  ; Type  ; Severity ; Details                                                                   ;
+-----------------------+-------+----------+---------------------------------------------------------------------------+
; alien_pos_x_i[31..10] ; Input ; Info     ; Stuck at GND                                                              ;
; alien_pos_y_i[31..9]  ; Input ; Info     ; Stuck at GND                                                              ;
+-----------------------+-------+----------+---------------------------------------------------------------------------+


+------------------------------------------------------------------------------------------------------------------------------------------+
; Port Connectivity Checks: "space_invaders:inst|alien_horde:alien_horde_inst|collision_controller:\ALIEN_GEN:0:collision_controller_inst" ;
+-------------------+-------+----------+---------------------------------------------------------------------------------------------------+
; Port              ; Type  ; Severity ; Details                                                                                           ;
+-------------------+-------+----------+---------------------------------------------------------------------------------------------------+
; alien_x_i[31..10] ; Input ; Info     ; Stuck at GND                                                                                      ;
; alien_y_i[31..9]  ; Input ; Info     ; Stuck at GND                                                                                      ;
+-------------------+-------+----------+---------------------------------------------------------------------------------------------------+


+----------------------------------------------------------------------------------------------------------------------+
; Port Connectivity Checks: "space_invaders:inst|alien_horde:alien_horde_inst|alien_draw:\ALIEN_GEN:0:alien_draw_inst" ;
+-----------------------+-------+----------+---------------------------------------------------------------------------+
; Port                  ; Type  ; Severity ; Details                                                                   ;
+-----------------------+-------+----------+---------------------------------------------------------------------------+
; alien_pos_x_i[31..10] ; Input ; Info     ; Stuck at GND                                                              ;
; alien_pos_y_i[31..9]  ; Input ; Info     ; Stuck at GND                                                              ;
+-----------------------+-------+----------+---------------------------------------------------------------------------+


+------------------------------------------------------------------------------------------------------------------------------------------------+
; Port Connectivity Checks: "space_invaders:inst|alien_horde:alien_horde_inst|VGA_drvr:vga_driver_inst"                                          ;
+-----------------+--------+----------+----------------------------------------------------------------------------------------------------------+
; Port            ; Type   ; Severity ; Details                                                                                                  ;
+-----------------+--------+----------+----------------------------------------------------------------------------------------------------------+
; i_red_in        ; Input  ; Info     ; Stuck at GND                                                                                             ;
; i_green_in      ; Input  ; Info     ; Stuck at GND                                                                                             ;
; i_blue_in[3..1] ; Input  ; Info     ; Stuck at GND                                                                                             ;
; o_vid_display   ; Output ; Warning  ; Declared by entity but not connected by instance. Logic that only feeds a dangling port will be removed. ;
+-----------------+--------+----------+----------------------------------------------------------------------------------------------------------+


+--------------------------------------------------------------------------------------------------------------------+
; Port Connectivity Checks: "space_invaders:inst|alien_horde:alien_horde_inst"                                       ;
+----------+--------+----------+-------------------------------------------------------------------------------------+
; Port     ; Type   ; Severity ; Details                                                                             ;
+----------+--------+----------+-------------------------------------------------------------------------------------+
; o_h_sync ; Output ; Info     ; Connected to dangling logic. Logic that only feeds a dangling port will be removed. ;
; o_v_sync ; Output ; Info     ; Connected to dangling logic. Logic that only feeds a dangling port will be removed. ;
+----------+--------+----------+-------------------------------------------------------------------------------------+


+----------------------------------------------------------------+
; Port Connectivity Checks: "space_invaders:inst|shot:shot_inst" ;
+--------------------+-------+----------+------------------------+
; Port               ; Type  ; Severity ; Details                ;
+--------------------+-------+----------+------------------------+
; player_x_i[31..10] ; Input ; Info     ; Stuck at GND           ;
; h_cnt[31..10]      ; Input ; Info     ; Stuck at GND           ;
; v_cnt[31..9]       ; Input ; Info     ; Stuck at GND           ;
+--------------------+-------+----------+------------------------+


+--------------------------------------------------------------------+
; Port Connectivity Checks: "space_invaders:inst|player:player_inst" ;
+---------------+-------+----------+---------------------------------+
; Port          ; Type  ; Severity ; Details                         ;
+---------------+-------+----------+---------------------------------+
; h_cnt[31..10] ; Input ; Info     ; Stuck at GND                    ;
; v_cnt[31..9]  ; Input ; Info     ; Stuck at GND                    ;
+---------------+-------+----------+---------------------------------+


+----------------------------------------------------------------------------------------------------------------------------------------------+
; Port Connectivity Checks: "space_invaders:inst|VGA_drvr:vga_driver_inst"                                                                     ;
+---------------+--------+----------+----------------------------------------------------------------------------------------------------------+
; Port          ; Type   ; Severity ; Details                                                                                                  ;
+---------------+--------+----------+----------------------------------------------------------------------------------------------------------+
; o_pixel_y[9]  ; Output ; Info     ; Connected to dangling logic. Logic that only feeds a dangling port will be removed.                      ;
; o_vid_display ; Output ; Warning  ; Declared by entity but not connected by instance. Logic that only feeds a dangling port will be removed. ;
+---------------+--------+----------+----------------------------------------------------------------------------------------------------------+


+-----------------------------------------------------+
; Post-Synthesis Netlist Statistics for Top Partition ;
+-------------------+---------------------------------+
; Type              ; Count                           ;
+-------------------+---------------------------------+
; boundary_port     ; 4                               ;
;                   ;                                 ;
; Max LUT depth     ; 0.00                            ;
; Average LUT depth ; 0.00                            ;
+-------------------+---------------------------------+


+-------------------------------+
; Elapsed Time Per Partition    ;
+----------------+--------------+
; Partition Name ; Elapsed Time ;
+----------------+--------------+
; Top            ; 00:00:00     ;
+----------------+--------------+


+-------------------------------+
; Analysis & Synthesis Messages ;
+-------------------------------+
Info: *******************************************************************
Info: Running Quartus Prime Analysis & Synthesis
    Info: Version 18.1.0 Build 625 09/12/2018 SJ Lite Edition
    Info: Processing started: Mon Jul 07 20:37:54 2025
Info: Command: quartus_map --read_settings_files=on --write_settings_files=off spaceInvaders -c spaceInvaders
Warning (18236): Number of processors has not been specified which may cause overloading on shared machines.  Set the global assignment NUM_PARALLEL_PROCESSORS in your QSF to an appropriate value for best performance.
Info (20030): Parallel compilation is enabled and will use 8 of the 8 processors detected
Info (12021): Found 2 design units, including 1 entities, in source file entities/collision_controller.vhd
    Info (12022): Found design unit 1: collision_controller-behavior File: D:/UTFPR/eng_comp/logica_reconfiguravel/spaceInvaders/Entities/collision_controller.vhd Line: 24
    Info (12023): Found entity 1: collision_controller File: D:/UTFPR/eng_comp/logica_reconfiguravel/spaceInvaders/Entities/collision_controller.vhd Line: 7
Info (12021): Found 2 design units, including 1 entities, in source file entities/player.vhd
    Info (12022): Found design unit 1: player-rtl File: D:/UTFPR/eng_comp/logica_reconfiguravel/spaceInvaders/Entities/player.vhd Line: 27
    Info (12023): Found entity 1: player File: D:/UTFPR/eng_comp/logica_reconfiguravel/spaceInvaders/Entities/player.vhd Line: 6
Info (12021): Found 2 design units, including 1 entities, in source file entities/vga_drvr.vhd
    Info (12022): Found design unit 1: VGA_drvr-behavioral File: D:/UTFPR/eng_comp/logica_reconfiguravel/spaceInvaders/Entities/VGA_drvr.vhd Line: 98
    Info (12023): Found entity 1: VGA_drvr File: D:/UTFPR/eng_comp/logica_reconfiguravel/spaceInvaders/Entities/VGA_drvr.vhd Line: 52
Info (12021): Found 2 design units, including 1 entities, in source file entities/alien.vhd
    Info (12022): Found design unit 1: alien-behavior File: D:/UTFPR/eng_comp/logica_reconfiguravel/spaceInvaders/Entities/alien.vhd Line: 38
    Info (12023): Found entity 1: alien File: D:/UTFPR/eng_comp/logica_reconfiguravel/spaceInvaders/Entities/alien.vhd Line: 6
Info (12021): Found 1 design units, including 0 entities, in source file packages/resolution_pkg.vhd
    Info (12022): Found design unit 1: resolution_pkg File: D:/UTFPR/eng_comp/logica_reconfiguravel/spaceInvaders/Packages/resolution_pkg.vhd Line: 10
Info (12021): Found 1 design units, including 0 entities, in source file packages/alien_pkg.vhd
    Info (12022): Found design unit 1: alien_pkg File: D:/UTFPR/eng_comp/logica_reconfiguravel/spaceInvaders/Packages/alien_pkg.vhd Line: 11
Info (12021): Found 2 design units, including 1 entities, in source file entities/alien_controller.vhd
    Info (12022): Found design unit 1: alien_controller-behavior File: D:/UTFPR/eng_comp/logica_reconfiguravel/spaceInvaders/Entities/alien_controller.vhd Line: 31
    Info (12023): Found entity 1: alien_controller File: D:/UTFPR/eng_comp/logica_reconfiguravel/spaceInvaders/Entities/alien_controller.vhd Line: 13
Info (12021): Found 2 design units, including 1 entities, in source file entities/alien_horde.vhd
    Info (12022): Found design unit 1: alien_horde-structure File: D:/UTFPR/eng_comp/logica_reconfiguravel/spaceInvaders/Entities/alien_horde.vhd Line: 30
    Info (12023): Found entity 1: alien_horde File: D:/UTFPR/eng_comp/logica_reconfiguravel/spaceInvaders/Entities/alien_horde.vhd Line: 6
Info (12021): Found 2 design units, including 1 entities, in source file entities/alien_draw.vhd
    Info (12022): Found design unit 1: alien_draw-behavior File: D:/UTFPR/eng_comp/logica_reconfiguravel/spaceInvaders/Entities/alien_draw.vhd Line: 23
    Info (12023): Found entity 1: alien_draw File: D:/UTFPR/eng_comp/logica_reconfiguravel/spaceInvaders/Entities/alien_draw.vhd Line: 7
Info (12021): Found 2 design units, including 1 entities, in source file entities/space_invaders.vhd
    Info (12022): Found design unit 1: space_invaders-structure File: D:/UTFPR/eng_comp/logica_reconfiguravel/spaceInvaders/Entities/space_invaders.vhd Line: 28
    Info (12023): Found entity 1: space_invaders File: D:/UTFPR/eng_comp/logica_reconfiguravel/spaceInvaders/Entities/space_invaders.vhd Line: 9
Info (12021): Found 2 design units, including 1 entities, in source file entities/shot.vhd
    Info (12022): Found design unit 1: shot-behavior File: D:/UTFPR/eng_comp/logica_reconfiguravel/spaceInvaders/Entities/shot.vhd Line: 27
    Info (12023): Found entity 1: shot File: D:/UTFPR/eng_comp/logica_reconfiguravel/spaceInvaders/Entities/shot.vhd Line: 7
Info (12021): Found 2 design units, including 1 entities, in source file entities/screen_text.vhd
    Info (12022): Found design unit 1: screen_text-behavior File: D:/UTFPR/eng_comp/logica_reconfiguravel/spaceInvaders/Entities/screen_text.vhd Line: 24
    Info (12023): Found entity 1: screen_text File: D:/UTFPR/eng_comp/logica_reconfiguravel/spaceInvaders/Entities/screen_text.vhd Line: 7
Info (12021): Found 1 design units, including 1 entities, in source file spaceinvaders.bdf
    Info (12023): Found entity 1: spaceInvaders
Info (12127): Elaborating entity "spaceInvaders" for the top level hierarchy
Info (12128): Elaborating entity "space_invaders" for hierarchy "space_invaders:inst"
Warning (10540): VHDL Signal Declaration warning at space_invaders.vhd(31): used explicit default value for signal "vid_clk" because signal was never assigned a value File: D:/UTFPR/eng_comp/logica_reconfiguravel/spaceInvaders/Entities/space_invaders.vhd Line: 31
Warning (10540): VHDL Signal Declaration warning at space_invaders.vhd(32): used explicit default value for signal "game_clk" because signal was never assigned a value File: D:/UTFPR/eng_comp/logica_reconfiguravel/spaceInvaders/Entities/space_invaders.vhd Line: 32
Warning (10036): Verilog HDL or VHDL warning at space_invaders.vhd(47): object "aliens_h_sync_s" assigned a value but never read File: D:/UTFPR/eng_comp/logica_reconfiguravel/spaceInvaders/Entities/space_invaders.vhd Line: 47
Warning (10036): Verilog HDL or VHDL warning at space_invaders.vhd(47): object "aliens_v_sync_s" assigned a value but never read File: D:/UTFPR/eng_comp/logica_reconfiguravel/spaceInvaders/Entities/space_invaders.vhd Line: 47
Info (12128): Elaborating entity "VGA_drvr" for hierarchy "space_invaders:inst|VGA_drvr:vga_driver_inst" File: D:/UTFPR/eng_comp/logica_reconfiguravel/spaceInvaders/Entities/space_invaders.vhd Line: 73
Info (12128): Elaborating entity "player" for hierarchy "space_invaders:inst|player:player_inst" File: D:/UTFPR/eng_comp/logica_reconfiguravel/spaceInvaders/Entities/space_invaders.vhd Line: 74
Info (12128): Elaborating entity "shot" for hierarchy "space_invaders:inst|shot:shot_inst" File: D:/UTFPR/eng_comp/logica_reconfiguravel/spaceInvaders/Entities/space_invaders.vhd Line: 75
Info (12128): Elaborating entity "alien_horde" for hierarchy "space_invaders:inst|alien_horde:alien_horde_inst" File: D:/UTFPR/eng_comp/logica_reconfiguravel/spaceInvaders/Entities/space_invaders.vhd Line: 77
Info (12128): Elaborating entity "alien_controller" for hierarchy "space_invaders:inst|alien_horde:alien_horde_inst|alien_controller:controller_inst" File: D:/UTFPR/eng_comp/logica_reconfiguravel/spaceInvaders/Entities/alien_horde.vhd Line: 67
Warning (10541): VHDL Signal Declaration warning at alien_controller.vhd(24): used implicit default value for signal "down_o" because signal was never assigned a value or an explicit default value. Use of implicit default value may introduce unintended design optimizations. File: D:/UTFPR/eng_comp/logica_reconfiguravel/spaceInvaders/Entities/alien_controller.vhd Line: 24
Warning (10541): VHDL Signal Declaration warning at alien_controller.vhd(25): used implicit default value for signal "left_o" because signal was never assigned a value or an explicit default value. Use of implicit default value may introduce unintended design optimizations. File: D:/UTFPR/eng_comp/logica_reconfiguravel/spaceInvaders/Entities/alien_controller.vhd Line: 25
Warning (10541): VHDL Signal Declaration warning at alien_controller.vhd(26): used implicit default value for signal "right_o" because signal was never assigned a value or an explicit default value. Use of implicit default value may introduce unintended design optimizations. File: D:/UTFPR/eng_comp/logica_reconfiguravel/spaceInvaders/Entities/alien_controller.vhd Line: 26
Warning (10620): VHDL warning at alien_controller.vhd(50): comparison between unequal length operands always returns FALSE File: D:/UTFPR/eng_comp/logica_reconfiguravel/spaceInvaders/Entities/alien_controller.vhd Line: 50
Info (12128): Elaborating entity "alien" for hierarchy "space_invaders:inst|alien_horde:alien_horde_inst|alien:\ALIEN_GEN:0:alien_inst" File: D:/UTFPR/eng_comp/logica_reconfiguravel/spaceInvaders/Entities/alien_horde.vhd Line: 82
Info (12128): Elaborating entity "alien_draw" for hierarchy "space_invaders:inst|alien_horde:alien_horde_inst|alien_draw:\ALIEN_GEN:0:alien_draw_inst" File: D:/UTFPR/eng_comp/logica_reconfiguravel/spaceInvaders/Entities/alien_horde.vhd Line: 83
Info (12128): Elaborating entity "collision_controller" for hierarchy "space_invaders:inst|alien_horde:alien_horde_inst|collision_controller:\ALIEN_GEN:0:collision_controller_inst" File: D:/UTFPR/eng_comp/logica_reconfiguravel/spaceInvaders/Entities/alien_horde.vhd Line: 84
Info (12128): Elaborating entity "alien" for hierarchy "space_invaders:inst|alien_horde:alien_horde_inst|alien:\ALIEN_GEN:1:alien_inst" File: D:/UTFPR/eng_comp/logica_reconfiguravel/spaceInvaders/Entities/alien_horde.vhd Line: 82
Info (12128): Elaborating entity "alien" for hierarchy "space_invaders:inst|alien_horde:alien_horde_inst|alien:\ALIEN_GEN:2:alien_inst" File: D:/UTFPR/eng_comp/logica_reconfiguravel/spaceInvaders/Entities/alien_horde.vhd Line: 82
Info (12128): Elaborating entity "alien" for hierarchy "space_invaders:inst|alien_horde:alien_horde_inst|alien:\ALIEN_GEN:3:alien_inst" File: D:/UTFPR/eng_comp/logica_reconfiguravel/spaceInvaders/Entities/alien_horde.vhd Line: 82
Info (12128): Elaborating entity "alien" for hierarchy "space_invaders:inst|alien_horde:alien_horde_inst|alien:\ALIEN_GEN:4:alien_inst" File: D:/UTFPR/eng_comp/logica_reconfiguravel/spaceInvaders/Entities/alien_horde.vhd Line: 82
Info (12128): Elaborating entity "alien" for hierarchy "space_invaders:inst|alien_horde:alien_horde_inst|alien:\ALIEN_GEN:5:alien_inst" File: D:/UTFPR/eng_comp/logica_reconfiguravel/spaceInvaders/Entities/alien_horde.vhd Line: 82
Info (12128): Elaborating entity "alien" for hierarchy "space_invaders:inst|alien_horde:alien_horde_inst|alien:\ALIEN_GEN:6:alien_inst" File: D:/UTFPR/eng_comp/logica_reconfiguravel/spaceInvaders/Entities/alien_horde.vhd Line: 82
Info (12128): Elaborating entity "alien" for hierarchy "space_invaders:inst|alien_horde:alien_horde_inst|alien:\ALIEN_GEN:7:alien_inst" File: D:/UTFPR/eng_comp/logica_reconfiguravel/spaceInvaders/Entities/alien_horde.vhd Line: 82
Info (12128): Elaborating entity "alien" for hierarchy "space_invaders:inst|alien_horde:alien_horde_inst|alien:\ALIEN_GEN:8:alien_inst" File: D:/UTFPR/eng_comp/logica_reconfiguravel/spaceInvaders/Entities/alien_horde.vhd Line: 82
Info (12128): Elaborating entity "alien" for hierarchy "space_invaders:inst|alien_horde:alien_horde_inst|alien:\ALIEN_GEN:9:alien_inst" File: D:/UTFPR/eng_comp/logica_reconfiguravel/spaceInvaders/Entities/alien_horde.vhd Line: 82
Info (12128): Elaborating entity "alien" for hierarchy "space_invaders:inst|alien_horde:alien_horde_inst|alien:\ALIEN_GEN:10:alien_inst" File: D:/UTFPR/eng_comp/logica_reconfiguravel/spaceInvaders/Entities/alien_horde.vhd Line: 82
Info (12128): Elaborating entity "alien" for hierarchy "space_invaders:inst|alien_horde:alien_horde_inst|alien:\ALIEN_GEN:11:alien_inst" File: D:/UTFPR/eng_comp/logica_reconfiguravel/spaceInvaders/Entities/alien_horde.vhd Line: 82
Info (12128): Elaborating entity "alien" for hierarchy "space_invaders:inst|alien_horde:alien_horde_inst|alien:\ALIEN_GEN:12:alien_inst" File: D:/UTFPR/eng_comp/logica_reconfiguravel/spaceInvaders/Entities/alien_horde.vhd Line: 82
Info (12128): Elaborating entity "alien" for hierarchy "space_invaders:inst|alien_horde:alien_horde_inst|alien:\ALIEN_GEN:13:alien_inst" File: D:/UTFPR/eng_comp/logica_reconfiguravel/spaceInvaders/Entities/alien_horde.vhd Line: 82
Info (12128): Elaborating entity "alien" for hierarchy "space_invaders:inst|alien_horde:alien_horde_inst|alien:\ALIEN_GEN:14:alien_inst" File: D:/UTFPR/eng_comp/logica_reconfiguravel/spaceInvaders/Entities/alien_horde.vhd Line: 82
Info (12128): Elaborating entity "alien" for hierarchy "space_invaders:inst|alien_horde:alien_horde_inst|alien:\ALIEN_GEN:15:alien_inst" File: D:/UTFPR/eng_comp/logica_reconfiguravel/spaceInvaders/Entities/alien_horde.vhd Line: 82
Info (12128): Elaborating entity "alien" for hierarchy "space_invaders:inst|alien_horde:alien_horde_inst|alien:\ALIEN_GEN:16:alien_inst" File: D:/UTFPR/eng_comp/logica_reconfiguravel/spaceInvaders/Entities/alien_horde.vhd Line: 82
Info (12128): Elaborating entity "alien" for hierarchy "space_invaders:inst|alien_horde:alien_horde_inst|alien:\ALIEN_GEN:17:alien_inst" File: D:/UTFPR/eng_comp/logica_reconfiguravel/spaceInvaders/Entities/alien_horde.vhd Line: 82
Info (12128): Elaborating entity "alien" for hierarchy "space_invaders:inst|alien_horde:alien_horde_inst|alien:\ALIEN_GEN:18:alien_inst" File: D:/UTFPR/eng_comp/logica_reconfiguravel/spaceInvaders/Entities/alien_horde.vhd Line: 82
Info (12128): Elaborating entity "alien" for hierarchy "space_invaders:inst|alien_horde:alien_horde_inst|alien:\ALIEN_GEN:19:alien_inst" File: D:/UTFPR/eng_comp/logica_reconfiguravel/spaceInvaders/Entities/alien_horde.vhd Line: 82
Info (12128): Elaborating entity "alien" for hierarchy "space_invaders:inst|alien_horde:alien_horde_inst|alien:\ALIEN_GEN:20:alien_inst" File: D:/UTFPR/eng_comp/logica_reconfiguravel/spaceInvaders/Entities/alien_horde.vhd Line: 82
Info (12128): Elaborating entity "alien" for hierarchy "space_invaders:inst|alien_horde:alien_horde_inst|alien:\ALIEN_GEN:21:alien_inst" File: D:/UTFPR/eng_comp/logica_reconfiguravel/spaceInvaders/Entities/alien_horde.vhd Line: 82
Info (12128): Elaborating entity "alien" for hierarchy "space_invaders:inst|alien_horde:alien_horde_inst|alien:\ALIEN_GEN:22:alien_inst" File: D:/UTFPR/eng_comp/logica_reconfiguravel/spaceInvaders/Entities/alien_horde.vhd Line: 82
Info (12128): Elaborating entity "alien" for hierarchy "space_invaders:inst|alien_horde:alien_horde_inst|alien:\ALIEN_GEN:23:alien_inst" File: D:/UTFPR/eng_comp/logica_reconfiguravel/spaceInvaders/Entities/alien_horde.vhd Line: 82
Info (12128): Elaborating entity "alien" for hierarchy "space_invaders:inst|alien_horde:alien_horde_inst|alien:\ALIEN_GEN:24:alien_inst" File: D:/UTFPR/eng_comp/logica_reconfiguravel/spaceInvaders/Entities/alien_horde.vhd Line: 82
Info (12128): Elaborating entity "alien" for hierarchy "space_invaders:inst|alien_horde:alien_horde_inst|alien:\ALIEN_GEN:25:alien_inst" File: D:/UTFPR/eng_comp/logica_reconfiguravel/spaceInvaders/Entities/alien_horde.vhd Line: 82
Info (12128): Elaborating entity "alien" for hierarchy "space_invaders:inst|alien_horde:alien_horde_inst|alien:\ALIEN_GEN:26:alien_inst" File: D:/UTFPR/eng_comp/logica_reconfiguravel/spaceInvaders/Entities/alien_horde.vhd Line: 82
Info (12128): Elaborating entity "screen_text" for hierarchy "space_invaders:inst|screen_text:screen_text_inst" File: D:/UTFPR/eng_comp/logica_reconfiguravel/spaceInvaders/Entities/space_invaders.vhd Line: 79
Warning (10492): VHDL Process Statement warning at screen_text.vhd(109): signal "text_r" is read inside the Process Statement but isn't in the Process Statement's sensitivity list File: D:/UTFPR/eng_comp/logica_reconfiguravel/spaceInvaders/Entities/screen_text.vhd Line: 109
Warning (10492): VHDL Process Statement warning at screen_text.vhd(110): signal "text_g" is read inside the Process Statement but isn't in the Process Statement's sensitivity list File: D:/UTFPR/eng_comp/logica_reconfiguravel/spaceInvaders/Entities/screen_text.vhd Line: 110
Warning (10492): VHDL Process Statement warning at screen_text.vhd(111): signal "text_b" is read inside the Process Statement but isn't in the Process Statement's sensitivity list File: D:/UTFPR/eng_comp/logica_reconfiguravel/spaceInvaders/Entities/screen_text.vhd Line: 111
Warning (10631): VHDL Process Statement warning at screen_text.vhd(61): inferring latch(es) for signal or variable "msg_to_draw", which holds its previous value in one or more paths through the process File: D:/UTFPR/eng_comp/logica_reconfiguravel/spaceInvaders/Entities/screen_text.vhd Line: 61
Info (10041): Inferred latch for "draw_text_proc:msg_to_draw[9][0]" at screen_text.vhd(75) File: D:/UTFPR/eng_comp/logica_reconfiguravel/spaceInvaders/Entities/screen_text.vhd Line: 75
Info (10041): Inferred latch for "draw_text_proc:msg_to_draw[9][1]" at screen_text.vhd(75) File: D:/UTFPR/eng_comp/logica_reconfiguravel/spaceInvaders/Entities/screen_text.vhd Line: 75
Info (10041): Inferred latch for "draw_text_proc:msg_to_draw[9][2]" at screen_text.vhd(75) File: D:/UTFPR/eng_comp/logica_reconfiguravel/spaceInvaders/Entities/screen_text.vhd Line: 75
Info (10041): Inferred latch for "draw_text_proc:msg_to_draw[9][3]" at screen_text.vhd(75) File: D:/UTFPR/eng_comp/logica_reconfiguravel/spaceInvaders/Entities/screen_text.vhd Line: 75
Info (10041): Inferred latch for "draw_text_proc:msg_to_draw[9][4]" at screen_text.vhd(75) File: D:/UTFPR/eng_comp/logica_reconfiguravel/spaceInvaders/Entities/screen_text.vhd Line: 75
Info (10041): Inferred latch for "draw_text_proc:msg_to_draw[9][5]" at screen_text.vhd(75) File: D:/UTFPR/eng_comp/logica_reconfiguravel/spaceInvaders/Entities/screen_text.vhd Line: 75
Info (10041): Inferred latch for "draw_text_proc:msg_to_draw[9][6]" at screen_text.vhd(75) File: D:/UTFPR/eng_comp/logica_reconfiguravel/spaceInvaders/Entities/screen_text.vhd Line: 75
Info (10041): Inferred latch for "draw_text_proc:msg_to_draw[9][7]" at screen_text.vhd(75) File: D:/UTFPR/eng_comp/logica_reconfiguravel/spaceInvaders/Entities/screen_text.vhd Line: 75
Info (10041): Inferred latch for "draw_text_proc:msg_to_draw[8][0]" at screen_text.vhd(75) File: D:/UTFPR/eng_comp/logica_reconfiguravel/spaceInvaders/Entities/screen_text.vhd Line: 75
Info (10041): Inferred latch for "draw_text_proc:msg_to_draw[8][1]" at screen_text.vhd(75) File: D:/UTFPR/eng_comp/logica_reconfiguravel/spaceInvaders/Entities/screen_text.vhd Line: 75
Info (10041): Inferred latch for "draw_text_proc:msg_to_draw[8][2]" at screen_text.vhd(75) File: D:/UTFPR/eng_comp/logica_reconfiguravel/spaceInvaders/Entities/screen_text.vhd Line: 75
Info (10041): Inferred latch for "draw_text_proc:msg_to_draw[8][3]" at screen_text.vhd(75) File: D:/UTFPR/eng_comp/logica_reconfiguravel/spaceInvaders/Entities/screen_text.vhd Line: 75
Info (10041): Inferred latch for "draw_text_proc:msg_to_draw[8][4]" at screen_text.vhd(75) File: D:/UTFPR/eng_comp/logica_reconfiguravel/spaceInvaders/Entities/screen_text.vhd Line: 75
Info (10041): Inferred latch for "draw_text_proc:msg_to_draw[8][5]" at screen_text.vhd(75) File: D:/UTFPR/eng_comp/logica_reconfiguravel/spaceInvaders/Entities/screen_text.vhd Line: 75
Info (10041): Inferred latch for "draw_text_proc:msg_to_draw[8][6]" at screen_text.vhd(75) File: D:/UTFPR/eng_comp/logica_reconfiguravel/spaceInvaders/Entities/screen_text.vhd Line: 75
Info (10041): Inferred latch for "draw_text_proc:msg_to_draw[8][7]" at screen_text.vhd(75) File: D:/UTFPR/eng_comp/logica_reconfiguravel/spaceInvaders/Entities/screen_text.vhd Line: 75
Info (10041): Inferred latch for "draw_text_proc:msg_to_draw[7][0]" at screen_text.vhd(75) File: D:/UTFPR/eng_comp/logica_reconfiguravel/spaceInvaders/Entities/screen_text.vhd Line: 75
Info (10041): Inferred latch for "draw_text_proc:msg_to_draw[7][1]" at screen_text.vhd(75) File: D:/UTFPR/eng_comp/logica_reconfiguravel/spaceInvaders/Entities/screen_text.vhd Line: 75
Info (10041): Inferred latch for "draw_text_proc:msg_to_draw[7][2]" at screen_text.vhd(75) File: D:/UTFPR/eng_comp/logica_reconfiguravel/spaceInvaders/Entities/screen_text.vhd Line: 75
Info (10041): Inferred latch for "draw_text_proc:msg_to_draw[7][3]" at screen_text.vhd(75) File: D:/UTFPR/eng_comp/logica_reconfiguravel/spaceInvaders/Entities/screen_text.vhd Line: 75
Info (10041): Inferred latch for "draw_text_proc:msg_to_draw[7][4]" at screen_text.vhd(75) File: D:/UTFPR/eng_comp/logica_reconfiguravel/spaceInvaders/Entities/screen_text.vhd Line: 75
Info (10041): Inferred latch for "draw_text_proc:msg_to_draw[7][5]" at screen_text.vhd(75) File: D:/UTFPR/eng_comp/logica_reconfiguravel/spaceInvaders/Entities/screen_text.vhd Line: 75
Info (10041): Inferred latch for "draw_text_proc:msg_to_draw[7][6]" at screen_text.vhd(75) File: D:/UTFPR/eng_comp/logica_reconfiguravel/spaceInvaders/Entities/screen_text.vhd Line: 75
Info (10041): Inferred latch for "draw_text_proc:msg_to_draw[7][7]" at screen_text.vhd(75) File: D:/UTFPR/eng_comp/logica_reconfiguravel/spaceInvaders/Entities/screen_text.vhd Line: 75
Info (10041): Inferred latch for "draw_text_proc:msg_to_draw[6][0]" at screen_text.vhd(75) File: D:/UTFPR/eng_comp/logica_reconfiguravel/spaceInvaders/Entities/screen_text.vhd Line: 75
Info (10041): Inferred latch for "draw_text_proc:msg_to_draw[6][1]" at screen_text.vhd(75) File: D:/UTFPR/eng_comp/logica_reconfiguravel/spaceInvaders/Entities/screen_text.vhd Line: 75
Info (10041): Inferred latch for "draw_text_proc:msg_to_draw[6][2]" at screen_text.vhd(75) File: D:/UTFPR/eng_comp/logica_reconfiguravel/spaceInvaders/Entities/screen_text.vhd Line: 75
Info (10041): Inferred latch for "draw_text_proc:msg_to_draw[6][3]" at screen_text.vhd(75) File: D:/UTFPR/eng_comp/logica_reconfiguravel/spaceInvaders/Entities/screen_text.vhd Line: 75
Info (10041): Inferred latch for "draw_text_proc:msg_to_draw[6][4]" at screen_text.vhd(75) File: D:/UTFPR/eng_comp/logica_reconfiguravel/spaceInvaders/Entities/screen_text.vhd Line: 75
Info (10041): Inferred latch for "draw_text_proc:msg_to_draw[6][5]" at screen_text.vhd(75) File: D:/UTFPR/eng_comp/logica_reconfiguravel/spaceInvaders/Entities/screen_text.vhd Line: 75
Info (10041): Inferred latch for "draw_text_proc:msg_to_draw[6][6]" at screen_text.vhd(75) File: D:/UTFPR/eng_comp/logica_reconfiguravel/spaceInvaders/Entities/screen_text.vhd Line: 75
Info (10041): Inferred latch for "draw_text_proc:msg_to_draw[6][7]" at screen_text.vhd(75) File: D:/UTFPR/eng_comp/logica_reconfiguravel/spaceInvaders/Entities/screen_text.vhd Line: 75
Info (10041): Inferred latch for "draw_text_proc:msg_to_draw[5][0]" at screen_text.vhd(75) File: D:/UTFPR/eng_comp/logica_reconfiguravel/spaceInvaders/Entities/screen_text.vhd Line: 75
Info (10041): Inferred latch for "draw_text_proc:msg_to_draw[5][1]" at screen_text.vhd(75) File: D:/UTFPR/eng_comp/logica_reconfiguravel/spaceInvaders/Entities/screen_text.vhd Line: 75
Info (10041): Inferred latch for "draw_text_proc:msg_to_draw[5][2]" at screen_text.vhd(75) File: D:/UTFPR/eng_comp/logica_reconfiguravel/spaceInvaders/Entities/screen_text.vhd Line: 75
Info (10041): Inferred latch for "draw_text_proc:msg_to_draw[5][3]" at screen_text.vhd(75) File: D:/UTFPR/eng_comp/logica_reconfiguravel/spaceInvaders/Entities/screen_text.vhd Line: 75
Info (10041): Inferred latch for "draw_text_proc:msg_to_draw[5][4]" at screen_text.vhd(75) File: D:/UTFPR/eng_comp/logica_reconfiguravel/spaceInvaders/Entities/screen_text.vhd Line: 75
Info (10041): Inferred latch for "draw_text_proc:msg_to_draw[5][5]" at screen_text.vhd(75) File: D:/UTFPR/eng_comp/logica_reconfiguravel/spaceInvaders/Entities/screen_text.vhd Line: 75
Info (10041): Inferred latch for "draw_text_proc:msg_to_draw[5][6]" at screen_text.vhd(75) File: D:/UTFPR/eng_comp/logica_reconfiguravel/spaceInvaders/Entities/screen_text.vhd Line: 75
Info (10041): Inferred latch for "draw_text_proc:msg_to_draw[5][7]" at screen_text.vhd(75) File: D:/UTFPR/eng_comp/logica_reconfiguravel/spaceInvaders/Entities/screen_text.vhd Line: 75
Info (10041): Inferred latch for "draw_text_proc:msg_to_draw[4][0]" at screen_text.vhd(75) File: D:/UTFPR/eng_comp/logica_reconfiguravel/spaceInvaders/Entities/screen_text.vhd Line: 75
Info (10041): Inferred latch for "draw_text_proc:msg_to_draw[4][1]" at screen_text.vhd(75) File: D:/UTFPR/eng_comp/logica_reconfiguravel/spaceInvaders/Entities/screen_text.vhd Line: 75
Info (10041): Inferred latch for "draw_text_proc:msg_to_draw[4][2]" at screen_text.vhd(75) File: D:/UTFPR/eng_comp/logica_reconfiguravel/spaceInvaders/Entities/screen_text.vhd Line: 75
Info (10041): Inferred latch for "draw_text_proc:msg_to_draw[4][3]" at screen_text.vhd(75) File: D:/UTFPR/eng_comp/logica_reconfiguravel/spaceInvaders/Entities/screen_text.vhd Line: 75
Info (10041): Inferred latch for "draw_text_proc:msg_to_draw[4][4]" at screen_text.vhd(75) File: D:/UTFPR/eng_comp/logica_reconfiguravel/spaceInvaders/Entities/screen_text.vhd Line: 75
Info (10041): Inferred latch for "draw_text_proc:msg_to_draw[4][5]" at screen_text.vhd(75) File: D:/UTFPR/eng_comp/logica_reconfiguravel/spaceInvaders/Entities/screen_text.vhd Line: 75
Info (10041): Inferred latch for "draw_text_proc:msg_to_draw[4][6]" at screen_text.vhd(75) File: D:/UTFPR/eng_comp/logica_reconfiguravel/spaceInvaders/Entities/screen_text.vhd Line: 75
Info (10041): Inferred latch for "draw_text_proc:msg_to_draw[4][7]" at screen_text.vhd(75) File: D:/UTFPR/eng_comp/logica_reconfiguravel/spaceInvaders/Entities/screen_text.vhd Line: 75
Info (10041): Inferred latch for "draw_text_proc:msg_to_draw[3][0]" at screen_text.vhd(75) File: D:/UTFPR/eng_comp/logica_reconfiguravel/spaceInvaders/Entities/screen_text.vhd Line: 75
Info (10041): Inferred latch for "draw_text_proc:msg_to_draw[3][1]" at screen_text.vhd(75) File: D:/UTFPR/eng_comp/logica_reconfiguravel/spaceInvaders/Entities/screen_text.vhd Line: 75
Info (10041): Inferred latch for "draw_text_proc:msg_to_draw[3][2]" at screen_text.vhd(75) File: D:/UTFPR/eng_comp/logica_reconfiguravel/spaceInvaders/Entities/screen_text.vhd Line: 75
Info (10041): Inferred latch for "draw_text_proc:msg_to_draw[3][3]" at screen_text.vhd(75) File: D:/UTFPR/eng_comp/logica_reconfiguravel/spaceInvaders/Entities/screen_text.vhd Line: 75
Info (10041): Inferred latch for "draw_text_proc:msg_to_draw[3][4]" at screen_text.vhd(75) File: D:/UTFPR/eng_comp/logica_reconfiguravel/spaceInvaders/Entities/screen_text.vhd Line: 75
Info (10041): Inferred latch for "draw_text_proc:msg_to_draw[3][5]" at screen_text.vhd(75) File: D:/UTFPR/eng_comp/logica_reconfiguravel/spaceInvaders/Entities/screen_text.vhd Line: 75
Info (10041): Inferred latch for "draw_text_proc:msg_to_draw[3][6]" at screen_text.vhd(75) File: D:/UTFPR/eng_comp/logica_reconfiguravel/spaceInvaders/Entities/screen_text.vhd Line: 75
Info (10041): Inferred latch for "draw_text_proc:msg_to_draw[3][7]" at screen_text.vhd(75) File: D:/UTFPR/eng_comp/logica_reconfiguravel/spaceInvaders/Entities/screen_text.vhd Line: 75
Info (10041): Inferred latch for "draw_text_proc:msg_to_draw[2][0]" at screen_text.vhd(75) File: D:/UTFPR/eng_comp/logica_reconfiguravel/spaceInvaders/Entities/screen_text.vhd Line: 75
Info (10041): Inferred latch for "draw_text_proc:msg_to_draw[2][1]" at screen_text.vhd(75) File: D:/UTFPR/eng_comp/logica_reconfiguravel/spaceInvaders/Entities/screen_text.vhd Line: 75
Info (10041): Inferred latch for "draw_text_proc:msg_to_draw[2][2]" at screen_text.vhd(75) File: D:/UTFPR/eng_comp/logica_reconfiguravel/spaceInvaders/Entities/screen_text.vhd Line: 75
Info (10041): Inferred latch for "draw_text_proc:msg_to_draw[2][3]" at screen_text.vhd(75) File: D:/UTFPR/eng_comp/logica_reconfiguravel/spaceInvaders/Entities/screen_text.vhd Line: 75
Info (10041): Inferred latch for "draw_text_proc:msg_to_draw[2][4]" at screen_text.vhd(75) File: D:/UTFPR/eng_comp/logica_reconfiguravel/spaceInvaders/Entities/screen_text.vhd Line: 75
Info (10041): Inferred latch for "draw_text_proc:msg_to_draw[2][5]" at screen_text.vhd(75) File: D:/UTFPR/eng_comp/logica_reconfiguravel/spaceInvaders/Entities/screen_text.vhd Line: 75
Info (10041): Inferred latch for "draw_text_proc:msg_to_draw[2][6]" at screen_text.vhd(75) File: D:/UTFPR/eng_comp/logica_reconfiguravel/spaceInvaders/Entities/screen_text.vhd Line: 75
Info (10041): Inferred latch for "draw_text_proc:msg_to_draw[2][7]" at screen_text.vhd(75) File: D:/UTFPR/eng_comp/logica_reconfiguravel/spaceInvaders/Entities/screen_text.vhd Line: 75
Info (10041): Inferred latch for "draw_text_proc:msg_to_draw[1][0]" at screen_text.vhd(75) File: D:/UTFPR/eng_comp/logica_reconfiguravel/spaceInvaders/Entities/screen_text.vhd Line: 75
Info (10041): Inferred latch for "draw_text_proc:msg_to_draw[1][1]" at screen_text.vhd(75) File: D:/UTFPR/eng_comp/logica_reconfiguravel/spaceInvaders/Entities/screen_text.vhd Line: 75
Info (10041): Inferred latch for "draw_text_proc:msg_to_draw[1][2]" at screen_text.vhd(75) File: D:/UTFPR/eng_comp/logica_reconfiguravel/spaceInvaders/Entities/screen_text.vhd Line: 75
Info (10041): Inferred latch for "draw_text_proc:msg_to_draw[1][3]" at screen_text.vhd(75) File: D:/UTFPR/eng_comp/logica_reconfiguravel/spaceInvaders/Entities/screen_text.vhd Line: 75
Info (10041): Inferred latch for "draw_text_proc:msg_to_draw[1][4]" at screen_text.vhd(75) File: D:/UTFPR/eng_comp/logica_reconfiguravel/spaceInvaders/Entities/screen_text.vhd Line: 75
Info (10041): Inferred latch for "draw_text_proc:msg_to_draw[1][5]" at screen_text.vhd(75) File: D:/UTFPR/eng_comp/logica_reconfiguravel/spaceInvaders/Entities/screen_text.vhd Line: 75
Info (10041): Inferred latch for "draw_text_proc:msg_to_draw[1][6]" at screen_text.vhd(75) File: D:/UTFPR/eng_comp/logica_reconfiguravel/spaceInvaders/Entities/screen_text.vhd Line: 75
Info (10041): Inferred latch for "draw_text_proc:msg_to_draw[1][7]" at screen_text.vhd(75) File: D:/UTFPR/eng_comp/logica_reconfiguravel/spaceInvaders/Entities/screen_text.vhd Line: 75
Info (12128): Elaborating entity "VGA_drvr" for hierarchy "VGA_drvr:inst1"
Warning (12241): 2 hierarchies have connectivity warnings - see the Connectivity Checks report folder
Warning (20013): Ignored 24 assignments for entity "DE10_LITE_Default" -- entity does not exist in design
    Warning (20014): Assignment for entity set_instance_assignment -name PARTITION_HIERARCHY root_partition -to | -entity DE10_LITE_Default -section_id Top was ignored
    Warning (20014): Assignment for entity set_global_assignment -name PARTITION_NETLIST_TYPE SOURCE -entity DE10_LITE_Default -section_id Top was ignored
    Warning (20014): Assignment for entity set_global_assignment -name PARTITION_FITTER_PRESERVATION_LEVEL PLACEMENT_AND_ROUTING -entity DE10_LITE_Default -section_id Top was ignored
    Warning (20014): Assignment for entity set_global_assignment -name PARTITION_PRESERVE_HIGH_SPEED_TILES ON -entity DE10_LITE_Default -section_id Top was ignored
    Warning (20014): Assignment for entity set_global_assignment -name PARTITION_IGNORE_SOURCE_FILE_CHANGES OFF -entity DE10_LITE_Default -section_id Top was ignored
    Warning (20014): Assignment for entity set_global_assignment -name PARTITION_ALWAYS_USE_QXP_NETLIST OFF -entity DE10_LITE_Default -section_id Top was ignored
    Warning (20014): Assignment for entity set_global_assignment -name PARTITION_COLOR 16764057 -entity DE10_LITE_Default -section_id Top was ignored
    Warning (20014): Assignment for entity set_global_assignment -name PARTITION_IMPORT_ASSIGNMENTS ON -entity DE10_LITE_Default -section_id Top was ignored
    Warning (20014): Assignment for entity set_global_assignment -name PARTITION_IMPORT_EXISTING_ASSIGNMENTS REPLACE_CONFLICTING -entity DE10_LITE_Default -section_id Top was ignored
    Warning (20014): Assignment for entity set_global_assignment -name PARTITION_IMPORT_EXISTING_LOGICLOCK_REGIONS UPDATE_CONFLICTING -entity DE10_LITE_Default -section_id Top was ignored
    Warning (20014): Assignment for entity set_global_assignment -name PARTITION_IMPORT_PIN_ASSIGNMENTS ON -entity DE10_LITE_Default -section_id Top was ignored
    Warning (20014): Assignment for entity set_global_assignment -name PARTITION_IMPORT_PROMOTE_ASSIGNMENTS ON -entity DE10_LITE_Default -section_id Top was ignored
    Warning (20014): Assignment for entity set_global_assignment -name PARTITION_TYPE STANDARD_PARTITION -entity DE10_LITE_Default -section_id Top was ignored
    Warning (20014): Assignment for entity set_global_assignment -name ALLOW_MULTIPLE_PERSONAS OFF -entity DE10_LITE_Default -section_id Top was ignored
    Warning (20014): Assignment for entity set_global_assignment -name PARTITION_ASD_REGION_ID 1 -entity DE10_LITE_Default -section_id Top was ignored
    Warning (20014): Assignment for entity set_global_assignment -name CROSS_BOUNDARY_OPTIMIZATIONS OFF -entity DE10_LITE_Default -section_id Top was ignored
    Warning (20014): Assignment for entity set_global_assignment -name PROPAGATE_CONSTANTS_ON_INPUTS ON -entity DE10_LITE_Default -section_id Top was ignored
    Warning (20014): Assignment for entity set_global_assignment -name PROPAGATE_INVERSIONS_ON_INPUTS ON -entity DE10_LITE_Default -section_id Top was ignored
    Warning (20014): Assignment for entity set_global_assignment -name REMOVE_LOGIC_ON_UNCONNECTED_OUTPUTS ON -entity DE10_LITE_Default -section_id Top was ignored
    Warning (20014): Assignment for entity set_global_assignment -name MERGE_EQUIVALENT_INPUTS ON -entity DE10_LITE_Default -section_id Top was ignored
    Warning (20014): Assignment for entity set_global_assignment -name MERGE_EQUIVALENT_BIDIRS ON -entity DE10_LITE_Default -section_id Top was ignored
    Warning (20014): Assignment for entity set_global_assignment -name ABSORB_PATHS_FROM_OUTPUTS_TO_INPUTS ON -entity DE10_LITE_Default -section_id Top was ignored
    Warning (20014): Assignment for entity set_global_assignment -name PARTITION_EXTRACT_HARD_BLOCK_NODES ON -entity DE10_LITE_Default -section_id Top was ignored
    Warning (20014): Assignment for entity set_global_assignment -name PARTITION_ENABLE_STRICT_PRESERVATION OFF -entity DE10_LITE_Default -section_id Top was ignored
Info (16010): Generating hard_block partition "hard_block:auto_generated_inst"
    Info (16011): Adding 0 node(s), including 0 DDIO, 0 PLL, 0 transceiver and 0 LCELL
Warning (21074): Design contains 4 input pin(s) that do not drive logic
    Warning (15610): No output dependent on input pin "MAX10_CLK2_50"
    Warning (15610): No output dependent on input pin "SW[0]"
    Warning (15610): No output dependent on input pin "KEY[1]"
    Warning (15610): No output dependent on input pin "KEY[0]"
Info (21057): Implemented 4 device resources after synthesis - the final resource count might be different
    Info (21058): Implemented 4 input pins
    Info (21059): Implemented 0 output pins
Info: Quartus Prime Analysis & Synthesis was successful. 0 errors, 44 warnings
    Info: Peak virtual memory: 4812 megabytes
    Info: Processing ended: Mon Jul 07 20:38:15 2025
    Info: Elapsed time: 00:00:21
    Info: Total CPU time (on all processors): 00:00:42


